L1,L2,L3,L4,R1,R2,R3,R4
2081.8,5265.7,24781.8,18983.6,4597.7,7762.2,26666.5,16883.6
2035.7,5201.6,24599.4,18852.1,4576.4,7711.6,26920.6,17007.8
2035.7,5201.6,24599.4,18852.1,4576.4,7711.6,26920.6,17007.8
1884.9,4966.8,24295.2,18642.2,4267.8,7375.6,27863.8,17880.2
1796.1,4831.4,24130.8,18537.2,4094.8,6946.6,28441.1,18198.9
1715.3,4733.1,23916.4,18402.7,3970.4,6821.1,29002.7,18477.4
1715.3,4733.1,23916.4,18402.7,3970.4,6821.1,29002.7,18477.4
1586.3,4585.3,23351.8,18027.9,3841.9,6753.6,30083.3,19070.4
1586.3,4585.3,23351.8,18027.9,3841.9,6753.6,30083.3,19070.4
1506.3,4483.4,23073,17836.8,3836.3,6744.9,30606.3,19427
1354.5,4184,22593,17499,3860,6842.4,31607.8,20250.1
1281.1,4081.9,22320,17283.5,3898.9,6965.2,32108.1,20673.9
1281.1,4081.9,22320,17283.5,3898.9,6965.2,32108.1,20673.9
1117,3886.6,21459,16807.9,4037.9,7071.7,33062.4,21480.5
1117,3886.6,21459,16807.9,4037.9,7071.7,33062.4,21480.5
1083.5,3864.1,21226.2,16596.4,4222.1,7258.1,33212.9,21686.2
1083.5,3864.1,21068.4,16392.4,4464.2,7607.4,33129.1,21777.1
1073.2,3860.6,20962,16234.8,4656.3,7887.3,32984.4,21820.8
1082.7,3883.8,20913.9,16131.8,4876.6,8196.2,32648.1,21837.9
1110,3945.3,20862.6,16079.4,5200.5,9062.1,32169,21769.1
1162.9,4040.5,20778.2,16004,5570.3,9559.9,31458.4,21584.4
1235.8,4128.2,20693.8,15898.9,5920.4,10000.4,30777.2,21291.2
1313.2,4214.4,20644.2,15807.7,6215,10419.9,30142.4,20851
1395.3,4273.9,20653.6,15718.9,6566.4,10885.4,29705.5,20841.6
1395.3,4273.9,20653.6,15718.9,6566.4,10885.4,29705.5,20841.6
1395.3,4293.5,20596,15713,6673.9,11067.4,29599.2,20832.8
1423.5,4350.3,20509.2,15673.7,6964.3,11506.2,29416.1,20763.8
1423.5,4350.3,20509.2,15673.7,6964.3,11506.2,29416.1,20763.8
1561.2,4525,20435.1,15485.3,7359,12013.3,28673.4,20375.7
1641.5,4725.3,20435.3,15398.3,7566.2,12178,28107.4,20114.5
1736.6,4829.3,20518.2,15359.7,7691,12388.4,27436.7,19829.1
1844.2,4907.4,20654.7,15377.3,7739.1,12422,26942.9,19682.5
1955.1,4948.4,20766.1,15462.5,7639.8,12451.3,26493,19566.3
1953.1,4972.1,20882.7,15556,7572.7,12505.8,26319.4,19503.9
1949.7,4983,21022.7,15678.3,7517.2,12396.6,26050.2,19436.5
1931.8,4972.1,21153.5,15790,7422.1,12165.3,26076.9,19414.4
1904,4947.3,21244.2,15876.5,7264.3,11967.7,26290.4,19457
1869.1,4913.7,21317.2,15955.9,6953.1,11806,26574.5,19567.6
1833.3,4880.2,21415.7,16016.9,6869.3,11675.2,26778.7,19690
1803.1,4840.6,21457.4,16070,6826.6,11692.4,26889,19791.5
1784.4,4817.4,21518.4,16120.4,6905.8,12057.5,26727.4,19796.2
1797,4836.5,21600.8,16158.1,7016.2,12231,26323.5,19710.2
1820,4865.8,21681,16204.8,7094.4,12376.6,25989,19637.3
1825.6,4877.8,21742.2,16283.1,7132.3,12453.9,25778.2,19592.5
1804.8,4866.6,21792.2,16370.7,7099.4,12397.7,25740.7,19593.5
1767.4,4833.2,21854.7,16464.8,6996.5,12282,25757,19637.9
1722.2,4786.3,21900.6,16558.1,6868.4,12079.6,25886.1,19690.5
1722.2,4786.3,21900.6,16558.1,6868.4,12079.6,25886.1,19690.5
1622.3,4658.7,22011.4,16730.6,6731,11782.7,26079.7,19672.2
1588.4,4642.4,22050.4,16798.9,6716.2,11759.4,26135.7,19635.5
1570.8,4635.6,22086.7,16861.2,6725.7,11780.3,26190.9,19613.1
1556.1,4632.6,22141.8,16910.2,6744.5,11787.4,26215.8,19556
1552.9,4644.9,22234.3,16972.2,6761.2,11777.6,26112.4,19447.4
1552.9,4644.9,22234.3,16972.2,6761.2,11777.6,26112.4,19447.4
1556.4,4659.6,22427.6,17114.6,6725.2,11485.8,25999.6,19265.9
1556.1,4659.6,22519.3,17196,6674.9,11271.9,26107.3,19231.9
1556.1,4659.6,22519.3,17196,6674.9,11271.9,26107.3,19231.9
1550.8,4643.9,22562.6,17263.8,6565.3,10974.7,26384.8,19231.9
1520.6,4595,22586.3,17349,6310,10638.1,26885.1,19298.4
1514.1,4587.1,22609.9,17380.3,6227.7,10596.4,26988.1,19268.2
1514.1,4587.1,22609.9,17380.3,6227.7,10596.4,26988.1,19268.2
1523.4,4612.3,22733,17518.5,6287.4,10792.4,26834,19089.3
1523.4,4612.3,22733,17518.5,6287.4,10792.4,26834,19089.3
1541.8,4632.7,22808.5,17569.1,6324.4,10776,26651.4,18991.8
1585,4661.6,23071.3,17694.6,6274.1,10661.2,26449,18851.6
1585,4661.6,23071.3,17694.6,6274.1,10661.2,26449,18851.6
1597.5,4664.1,23164.4,17763.5,6212.7,10557.1,26525.4,18835.6
1598.8,4652.8,23245,17823.1,6129.1,10428.2,26671.8,18832.7
1585,4619.2,23304.4,17878,5983.8,10239.5,26963.9,18848.8
1585,4619.2,23304.4,17878,5983.8,10239.5,26963.9,18848.8
1575.8,4598.9,23310.4,17868,5940.2,10178,27126,18901.9
1553.6,4584.4,23398.1,17931,5896.9,10221,27282.7,18895.4
1553.6,4584.4,23398.1,17931,5896.9,10221,27282.7,18895.4
1551.1,4601.6,23451.7,17971.2,5928.7,10253.3,26986.2,18821.1
1588.1,4652.1,23658.1,18092,6033.5,10334.7,26556.4,18557.5
1588.1,4652.1,23658.1,18092,6033.5,10334.7,26556.4,18557.5
1621.6,4685,23787.9,18131.6,6059.5,10360.4,26345.7,18347.5
1660.9,4729.1,23807.9,18140.5,6069.2,10361.1,26218.1,18274.7
1660.9,4729.1,23807.9,18140.5,6069.2,10361.1,26218.1,18274.7
1711.7,4762.9,23804.2,18172.2,5961.7,10195.1,26482.4,18336.9
1713.1,4766.7,23780.6,18162.4,5887.3,10084.8,26704.5,18420.3
1709.4,4761.3,23738.7,18136.4,5788.7,9940.3,26998.1,18522.4
1712.5,4757.7,23677.4,18102.5,5712.6,9896.4,27191.6,18605.9
1744,4771.9,23609,18045.8,5770.3,9958.8,27191.9,18628.3
1788.6,4817.8,23552.5,17973.2,5834,10159.4,27057.3,18605.4
1840.4,4939.2,23522.7,17882.2,5882.3,10208.3,26931.4,18571.8
1888.1,4994.3,23515,17820.8,5914.2,10247.9,26808.1,18523.1
1933.2,5042.8,23526.7,17781.4,5939.2,10298.6,26710,18478.8
1976.5,5089.5,23527.8,17751.9,5967.8,10339.9,26633.9,18446.6
2025.6,5141.7,23488.2,17699,5990.3,10360,26544.2,18417.9
2090.2,5201.7,23457.5,17556,6000.2,10343.4,26460,18384.2
2151.9,5260.1,23421.7,17486.6,5983.3,10181.9,26411.9,18366
2225,5320.2,23376.9,17410.8,5930.9,10088.9,26624.3,18392.7
2272.8,5346.7,23346.9,17358.9,5864.1,10020.1,26792.6,18444.2
2293,5358.1,23312.6,17317.8,5806.6,9996.2,26914.7,18518.7
2317.3,5380.3,23278.6,17264.7,5846.5,10055.7,26935.2,18505.5
2355.2,5415.3,23262.1,17215.9,5943,10191.1,26756.5,18430.7
2396.2,5453.9,23264.3,17181.6,6028,10293,26480,18352.6
2430.7,5485.1,23280.2,17165,6078.6,10385.7,26294.6,18278.9
2430.7,5485.1,23298.6,17168,6117.7,10371.3,26206.9,18250.2
2429.9,5478.8,23318.5,17191,6112,10342.9,26239.2,18258.9
2429.9,5478.8,23318.5,17191,6112,10342.9,26239.2,18258.9
2321.5,5363.5,23289,17284.4,6090.3,10313.9,26453.9,18326.8
2321.5,5363.5,23289,17284.4,6090.3,10313.9,26453.9,18326.8
2268.9,5257.3,23245,17294.9,6079.1,10306.4,26536.8,18373.5
2182.3,5168.6,23179,17293.2,6060.4,10241,26713.7,18505.8
2140.9,5119.9,23149.2,17303.7,5989.8,10193.4,26856.1,18596.8
2140.9,5119.9,23149.2,17303.7,5989.8,10193.4,26856.1,18596.8
2094.4,5055.1,23126.5,17313,5961.7,10181.7,26995.7,18696.3
1939.8,4887.6,23089.4,17387.8,5951.2,10233.4,27182.1,18884.5
1939.8,4887.6,23089.4,17387.8,5951.2,10233.4,27182.1,18884.5
1853.3,4811.1,23059.6,17423.5,5967,10295.6,27205.8,18964.4
1694.1,4667.6,22978.3,17472.3,5961.4,10272.5,27406,19233.8
1694.1,4667.6,22978.3,17472.3,5961.4,10272.5,27406,19233.8
1621.4,4601.2,22925.1,17485.1,5882.4,10165.8,27633,19370.6
1488.1,4480.8,22735,17496.3,5685.7,9893.3,28314.7,19697.1
1488.1,4480.8,22735,17496.3,5685.7,9893.3,28314.7,19697.1
1444.1,4445.4,22711.6,17495.7,5602.3,9803.3,28509.8,19795
1424.3,4429.3,22711.6,17499.2,5486.1,9737,28613.1,19839.2
1420.4,4425.9,22731.3,17499.2,5434.5,9676.2,28672.9,19839.2
1420.4,4425.9,22786,17553.3,5362.1,9483,28789.3,19839.3
1413.1,4417.3,22872.7,17627.6,5285.3,9348.8,29024.7,19874.7
1396.8,4371,22951.4,17678.8,5176.4,9174,29245.5,19947.5
1377.3,4326.7,22973.2,17672,5081.2,9014.2,29501,20014.5
1347.8,4283.8,22935.1,17636.4,5007.3,8880.7,29709.3,20106.8
1320.1,4239.4,22905.8,17590.5,4933.4,8747.8,29942.8,20211.6
1291.9,4194,22850.2,17545.7,4835.7,8575.4,30239.5,20331.3
1262.8,4139.3,22772.2,17504.4,4717.3,8160.3,30583.6,20480.5
1229.5,4081.9,22744.3,17465.9,4583.7,8063,30995,20632.4
1229.5,4081.9,22744.3,17465.9,4583.7,8063,30995,20632.4
1173.9,4004.4,22720.9,17431.4,4489.9,8083.7,31478.2,20837.3
1147.8,3986.7,22737.5,17432.7,4555.5,8181.8,31209.5,20770.8
1138.7,3972.8,22765,17450.1,4642.1,8308.8,30971.8,20710.7
1126.5,3955.9,22787.2,17475.5,4695.2,8394.3,30850.6,20678.7
1110,3932.9,22781.9,17493.6,4695.3,8359.7,30900,20695.4
1086.8,3901,22742.4,17490.7,4677.1,8346,31021.8,20746.5
1054.8,3859.8,22673.6,17465.9,4661,8400.3,31195.7,20832.5
1026.3,3823.7,22571.8,17415.8,4674,8493.1,31361.6,20889.3
1010.3,3806.2,22472,17330.6,4725.6,8529.1,31454.6,20967.4
992.7,3783,22419.9,17260.3,4765.5,8529.1,31517.9,21009.3
985.2,3768,22342.1,17219.5,4776.2,8495.7,31578.6,21038.1
979.6,3760.2,22342.3,17172.2,4764.6,8409.4,31670.9,21052.6
971.6,3753.1,22343.2,17167.5,4765.5,8399.2,31769,21048.6
969.2,3755.5,22336,17172.2,4778.5,8401.2,31807.7,21023.9
975.9,3768.7,22323.8,17165.7,4786.2,8379.4,31801.3,21007
987.8,3787.5,22321,17159,4786.1,8302.9,31790.5,20999.1
987.8,3787.5,22321,17159,4786.1,8302.9,31790.5,20999.1
1002,3805.4,22317.5,17161.2,4757.5,8178.5,31796.1,20974.5
1013,3813.6,22265.7,17153.4,4632.1,7923.4,32045.6,21020.6
1013,3813.6,22265.7,17153.4,4632.1,7923.4,32045.6,21020.6
1008.3,3814.9,22140,17018.7,4605.4,8001.1,32304.9,21190
1008.3,3817.5,22064.5,16950.9,4645.3,8081.2,32320.3,21251.8
1008.3,3817.5,22064.5,16950.9,4645.3,8081.2,32320.3,21251.8
1006,3814.4,21815.7,16802.8,4640.2,8120.2,32607.1,21434.8
1002.5,3809.7,21732.9,16725.6,4639.8,8145.2,32746.4,21505.9
996.6,3801.5,21682,16662.2,4642.1,8188.5,32835.9,21578.2
992.7,3797.4,21644.3,16620.1,4646.5,8197,32871.8,21628.2
990.4,3790.2,21635.8,16601.3,4650.3,8201.5,32884.8,21659.1
990.4,3790.2,21635.8,16601.3,4650.3,8201.5,32884.8,21659.1
983.8,3772.9,21652.2,16593.9,4651.6,8201.5,32884.5,21675.2
996.2,3777.8,21701.3,16607.5,4724.4,8315.3,32583.4,21587.6
996.2,3777.8,21701.3,16607.5,4724.4,8315.3,32583.4,21587.6
1012,3788.4,21746.8,16642,4801.9,8419.8,32302.2,21505
1015.4,3758.8,21886.5,16773.7,4812.6,8346.1,32018.4,21342.2
996,3719.2,21939.1,16813.2,4751.9,8229.4,32104.3,21355.8
996,3719.2,21939.1,16813.2,4751.9,8229.4,32104.3,21355.8
943.9,3631.9,21968.8,16812.1,4578.1,7940.1,32482.3,21487.4
918,3587.1,21999.7,16809,4496.8,7824.7,32738.5,21628.3
918,3587.1,21999.7,16809,4496.8,7824.7,32738.5,21628.3
896.1,3549.1,22042,16817.8,4435.3,7748.8,33017,21652.9
883.4,3527.6,22087.4,16828.5,4454.8,7844.2,33055.1,21619.4
883,3525.3,22126.2,16842.5,4512.3,7961.5,32797.9,21537.2
892.9,3538.7,22149.2,16849.5,4598.4,8158.2,32470.1,21420.5
910.9,3567.9,22170.7,16849.5,4724.3,8372,32052.7,21286.1
946.6,3617,22190.1,16860.4,4845.3,8579.6,31653.8,21157
980.4,3667.2,22206,16872.2,4955.1,8757.3,31358,21068.2
1009.2,3711.6,22196.9,16876.1,5101.1,8871.8,31134.8,21008.8
1029.5,3738.9,22171.3,16869.9,5106.8,8898.5,31017.9,21000.3
1038,3736,22075.6,16857.8,5094.6,8937.7,31047.3,21046.2
1036.4,3728.1,22007.5,16831.3,5108.3,9039.2,31105.8,21103.8
1036.4,3728.1,22007.5,16831.3,5108.3,9039.2,31105.8,21103.8
1035.5,3746.4,21961,16715,5265.2,9351.4,30876.9,21114.3
1048.4,3772,21961,16715,5377.1,9535.1,30574.7,21048.2
1067.4,3804.3,21995.4,16739.9,5505.9,9742.9,30196.8,20948.3
1090.6,3840.6,22041.7,16784.3,5632.3,9953.5,29800.5,20823.7
1114.3,3874.2,22084.6,16827.4,5743.6,10157.5,29416.6,20599.9
1114.3,3874.2,22084.6,16827.4,5743.6,10157.5,29416.6,20599.9
1136.4,3900.3,22186,16907.4,5728.5,10032.8,29117.2,20492.4
1139,3900.6,22237,16946.8,5620.9,9867.5,29123,20501.2
1127,3880.1,22283.5,17000.5,5507.6,9672.2,29562.4,20533.1
1103.9,3849.9,22335,17058.9,5432.4,9516.4,29683.5,20544.3
1092.2,3830.8,22452.3,17114.5,5423.9,9475.2,29648.6,20525.2
1092.2,3830.8,22452.3,17114.5,5423.9,9475.2,29648.6,20525.2
1095.8,3830.9,22670.2,17271.5,5533.3,9766.8,29179.5,20331.5
1109.9,3845.9,22799.5,17370.2,5603.6,9871.8,28816.9,20167.7
1124.8,3865.6,22918.6,17467.7,5655,9941,28503.5,20022
1133.7,3885,23031.2,17557.7,5673.3,9941.1,28332.8,19912.3
1132,3878.3,23141.7,17648.5,5626.7,9829.5,28382.3,19858.7
1128.8,3869.8,23231.2,17736.5,5423.7,9657.6,28588.3,19863.7
1120.7,3857.8,23283.3,17786.6,5276.1,9189.8,28841.7,19901.1
1117.2,3852.6,23295.4,17802.6,5141.3,8986.1,29159.6,19954.8
1117.6,3852.6,23290.8,17801.1,5032.6,8868,29415.6,20026.4
1118.7,3855.6,23288.7,17808.1,4975.2,8867,29563.4,20091.1
1118.7,3855.6,23288.7,17808.1,4975.2,8867,29563.4,20091.1
1120.9,3867.9,23294,17827.2,5003.1,9084.1,29444.5,20231.8
1120.9,3867.9,23294,17827.2,5003.1,9084.1,29444.5,20231.8
1127.8,3887,23292.2,17828.7,5066,9265.4,29058.1,20286.6
1131.6,3893.6,23270.3,17834.6,5048.3,9121.9,28943.6,20353.2
1131.4,3892.3,23218.5,17823.7,4959.2,8923.7,29402.5,20484.5
1117.4,3869.7,23132.5,17746,4811,8692.2,29874,20692.9
1117.4,3869.7,23132.5,17746,4811,8692.2,29874,20692.9
1059.8,3786.1,22925.6,17575.6,4363.8,8264.5,31089.2,21312.1
1059.8,3786.1,22925.6,17575.6,4363.8,8264.5,31089.2,21312.1
1041.4,3748.3,22764.3,17417.3,4286.5,8104.2,31500.9,21620.9
1041.4,3733,22532.9,17204,4277.1,8285.8,31714.4,21867.1
1044.2,3753.6,22268.1,16967.3,4342.5,8479.7,31591.6,22026.2
1069.1,3790.1,22044.8,16795.4,4462.7,8784.6,31346.2,22084.3
1148,3867.7,21858.2,16677.9,4792,9372.8,30411.1,22090.8
1148,3867.7,21858.2,16677.9,4792,9372.8,30411.1,22090.8
1189.2,3904.3,21872.3,16695.2,4887.3,9487.6,30028.2,22041.9
1226.9,3929.9,21908.2,16703.8,4906.3,9461.9,29909.3,21977.2
1258.3,3944.8,21962.2,16716.4,4878,9288.2,29917.4,21937.8
1284,3955.7,22033.9,16740.2,4890.5,9311.3,29845.8,21783.3
1310.4,3973.6,22123.9,16789,4934.4,9365,29664.6,21661.7
1339.2,3996.5,22242.7,16871.1,4980.6,9442.7,29407.7,21558
1369.3,4021.6,22358.4,16952.6,5056.9,9585.6,29091,21432.5
1403,4057.5,22506.3,17045.5,5193.6,9825.9,28654.4,21243.1
1442.9,4111.5,22655.3,17163.3,5394.2,10190.9,28072.3,20952
1499.5,4200.5,22847.1,17309,5638.7,10988,25979.3,20474
1582.4,4290.9,23136.2,17493.6,6044.5,11634,24582.3,19752.8
1775.3,4381.3,23956.1,17747.7,6681.8,12306.4,23143.2,18729.4
1895.5,4472.5,24377.1,18045.2,7280.6,12557.3,22321.9,17823
2006.6,4575.8,24615.9,18292.5,7424.3,12291.3,22183,17478.5
2113.5,4749,24615.9,18380.6,7079.5,11998.3,22391.7,17462
2204.6,4809.5,24609.3,18380.6,6853.2,11488.1,22833.2,17462
2273.6,4841,24390.7,18279.1,6733.2,10989.1,23278.3,17605
2322.1,4859.7,24048.2,18023.8,6678.3,10918.6,23608.3,17811.4
2346.1,4864.9,23655.9,17687.4,6642,10789.5,23778.4,18036.1
2345.6,4862.5,23327.9,17392.4,6562.7,10583.2,23880.5,18264.1
2345.6,4856.6,23026.6,16934.1,6432,10339.8,24115,18499.4
2345.6,4856.6,23026.6,16934.1,6432,10339.8,24115,18499.4
2312,4801.5,22316.6,16303.6,6137.5,9785.6,24980.5,19381.4
2283,4750.6,21398.3,15934.8,5989,9062.8,25481.7,19764.3
2241.2,4676,20870.9,15561,5813.4,8513.8,26157.4,20280.8
2182.5,4579.9,20346.7,15181.5,5566.8,7754.1,27050.7,20949.4
2108.1,4474.5,19873.5,14836.5,4432.7,6852.6,28178.9,21807.3
2012.4,4359.3,19395.3,14528.2,3750.7,6241.7,29519.5,22924.2
1891.7,4227.9,18942.5,14216.8,3456.4,6088.5,30989.6,23925.1
1891.7,4227.9,18942.5,14216.8,3456.4,6088.5,30989.6,23925.1
1604.1,3946.5,18511.1,13893.6,3404.1,6187.9,32227.4,24493.3
1467.4,3818,18511.1,13893.6,3426.3,6195.6,32111.3,24498.3
1467.4,3818,18511.1,13893.6,3426.3,6195.6,32111.3,24498.3
1243.6,3551.5,18630,14034.1,3397.7,6083.9,31869.8,24489.2
1158,3499.1,18755,14177.3,3361.9,6046.5,31850.1,24454.9
1158,3499.1,18755,14177.3,3361.9,6046.5,31850.1,24454.9
1060.3,3432.3,18800.8,14334.7,3335.7,6027.4,31931.1,24425.6
1035.8,3405.9,18706,14307.1,3365.7,6103.1,31998.1,24484.2
1035.8,3405.9,18706,14307.1,3365.7,6103.1,31998.1,24484.2
1008.7,3382.8,18707.2,14217.6,3384.8,6111.3,31985.7,24500.8
999.9,3390.4,18772.8,14253.3,3380.8,6073.6,31901.7,24389.5
999.8,3402.4,18781.5,14297.2,3368.1,6037.6,31804.9,24285.2
999.8,3402.4,18781.5,14297.2,3368.1,6037.6,31804.9,24285.2
1002.4,3395.2,18659.1,14271.2,3368.3,6013,31787.8,24291.8
999.2,3361.1,18425.6,14133.5,3384.4,6067.1,31907.7,24443.5
999.2,3361.1,18425.6,14133.5,3384.4,6067.1,31907.7,24443.5
977.2,3258,17827,13722.6,3443.5,6245,32397,24994.4
977.2,3258,17827,13722.6,3443.5,6245,32397,24994.4
959.8,3217.5,17599,13574.8,3503.7,6425.5,32519.9,25250.7
925.2,3154.9,17418.5,13443.9,3834.2,6850.8,32617.8,25668.5
925.2,3154.9,17418.5,13443.9,3834.2,6850.8,32617.8,25668.5
913.9,3134.1,17448.1,13458.7,3948.1,7066.7,32572.8,25799.8
904.3,3104.5,17528.4,13508.2,4055.3,7461.4,32525.1,25902.6
904.3,3104.5,17528.4,13508.2,4055.3,7461.4,32525.1,25902.6
898.8,3095.9,17797.1,13664.9,4260.5,7824.3,32306.2,25986
898.8,3097.8,17973.9,13781.5,4363.7,8001.4,32146.4,25986
898.8,3097.8,17973.9,13781.5,4363.7,8001.4,32146.4,25986
909.5,3106.4,18355.9,14052.1,4580,8392.8,31715,25925.7
915.4,3110.5,18535.9,14177.4,4696.9,8598.2,31479.1,25815.4
921.3,3119.8,18722,14296.7,4795.3,8862.9,31259.2,25766.5
928.7,3142.7,18961.3,14447.2,4861.2,8906.8,31067.7,25682.6
957.4,3186.1,19273.7,14656,4912.2,8906.8,30846.4,25509.9
978.8,3244.8,20000.3,14899.6,4912.2,8901.8,30574.1,25270
978.8,3244.8,20000.3,14899.6,4912.2,8901.8,30574.1,25270
1018.5,3336.5,20406.3,15311,4844.6,8701.4,30365.2,24966.2
1036.6,3365.4,20509.4,15426,4777.4,8572,30361,24865.8
1049.6,3385.9,20567.5,15500.9,4713.1,8306.2,30401.2,24800.5
1058.5,3401.3,20602.4,15544.3,4643.1,8174.5,30469.6,24760
1066.6,3415.9,20634.1,15573.3,4573.6,8042.7,30737.8,24717.5
1073.5,3430,20647.6,15592.6,4510.6,7913.2,30861.3,24674.3
1077.6,3456.9,20648.9,15600.8,4452.6,7784.3,30981.3,24638.5
1079.4,3464.1,20636.1,15599.6,4387.9,7664.4,31128.3,24613.7
1080.6,3470.5,20596.5,15585.3,4269.3,7551.2,31292.1,24613.8
1077.3,3471.9,20544.8,15559.9,4209.5,7350.1,31493,24651.4
1073.4,3474.6,20441.6,15521.8,4163.5,7294.9,31656.5,24693.3
1070.7,3477.6,20411.4,15488.2,4138.6,7269.1,31759.9,24709.5
1067.8,3480.7,20412.5,15468.9,4132.7,7253.7,31776.6,24688.7
1063.2,3484.2,20429.7,15478.7,4130.5,7241.6,31776.6,24634
1058.9,3485.3,20448.1,15499.1,4130.6,7226.3,31749.7,24575.4
1054,3485.4,20482.6,15523.8,4131,7212.9,31719.5,24514.2
1049,3486.5,20543.6,15615.6,4134.9,7205.2,31678,24451.9
1044.5,3487.9,20597.9,15667.9,4142.5,7190.7,31631.7,24398.5
1040.8,3487.9,20632.7,15706.6,4149.7,7182.6,31608.8,24366.8
1036.7,3487.8,20659.6,15734.7,4158.8,7181.7,31602.9,24350
1029.5,3484.3,20668.9,15740.7,4169,7192.5,31619.7,24353.5
1021.2,3480,20645.1,15723,4180.5,7212.8,31634.5,24365.5
1021.2,3480,20645.1,15723,4180.5,7212.8,31634.5,24365.5
1000.1,3464,20538.2,15678.7,4194.7,7243.3,31734.3,24435.3
990.4,3447.1,20516.7,15660.1,4200.9,7255,31765.5,24465.7
981.4,3437.7,20501.3,15649.9,4205.5,7259.3,31804.1,24494.6
971.5,3428.5,20477.8,15640.8,4209.2,7269.1,31851.4,24533.7
962.6,3417.4,20430.2,15618.8,4213.5,7288.5,31904.2,24572.2
952.3,3403.5,20356.7,15581.3,4218.5,7312.8,31973.2,24629.4
952.3,3403.5,20356.7,15581.3,4218.5,7312.8,31973.2,24629.4
930.2,3375.1,20193.7,15486.3,4225.5,7361.1,32168.6,24893.2
930.2,3375.1,20193.7,15486.3,4225.5,7361.1,32168.6,24893.2
922.3,3366.3,20135.5,15450.1,4223.8,7393.7,32249.1,24964.5
910.9,3348.6,20032.1,15372.1,4220.1,7416.6,32389.2,25092
910.9,3348.6,20032.1,15372.1,4220.1,7416.6,32389.2,25092
906.6,3340,19986.7,15329.1,4218.6,7427.7,32457.5,25146.9
900.1,3323.7,19960.6,15288.5,4214.2,7426.6,32561.7,25223.8
892.8,3311.9,19997.6,15288.5,4205.3,7411.9,32616,25247
892.8,3311.9,19997.6,15288.5,4205.3,7411.9,32616,25247
882.1,3293.4,20069.7,15304.7,4184,7353.9,32641,25247
875.7,3286,20210.1,15385,4144.4,7300.2,32614.8,25195.8
875.7,3286,20210.1,15385,4144.4,7300.2,32614.8,25195.8
876.9,3287,20258.3,15424.3,4136,7309.4,32594.6,25197.6
876.1,3284.4,20291.2,15444.5,4159.7,7312.8,32567.2,25197.9
875.2,3288.4,20335,15457.3,4204.6,7358.4,32471.5,25162.6
876.4,3296.2,20395.9,15485.8,4301.7,7454.3,32259.1,25093.9
884.4,3305.7,20454.3,15574.6,4406.4,7775.4,32018.8,24991.8
888.3,3313.6,20498.2,15607.6,4473.8,7873.3,31870.1,24905.2
890.6,3317.2,20514.4,15614.1,4516.6,7940.6,31801.4,24853.8
892.2,3317.7,20502,15613.7,4555.2,7999.6,31771.3,24856.7
892.2,3316.3,20467.9,15589,4594.8,8055.7,31758.4,24864.4
890.4,3313.9,20406.6,15542.6,4634.4,8108.1,31750.7,24867.1
887.6,3309.4,20318.9,15490.5,4671.2,8155.5,31751.7,24869.3
884.8,3305.1,20231.4,15436.8,4706.9,8242.4,31749.9,24857.8
884.3,3306.8,20139.3,15375.2,4787.6,8297.4,31735,24838.9
889,3319.4,20037.4,15309.9,4832.4,8346,31716,24817
890.9,3322.3,19959.9,15260.8,4869.4,8384.3,31702.7,24815.3
893.8,3326.3,19902.2,15218,4893.8,8384.3,31719.6,24828.5
893.1,3324.8,19871.1,15182.1,4893.8,8378.4,31714.9,24806.5
891.1,3323.4,19854.9,15162.9,4878,8320.8,31700.2,24782.8
888.1,3320.4,19829.9,15135,4816.2,7998.1,31745.5,24788.5
884.1,3314.6,19769.5,15113.5,4686.1,7821.3,32128.4,24840.4
878.8,3297.4,19735.5,15096.6,4541.1,7694.9,32405.2,24956.8
871.5,3289.7,19699.5,15079.2,4434.5,7611.1,32591.9,25066.5
866.7,3284.5,19676.7,15057,4364,7546.3,32710.7,25162.2
868.5,3285.3,19670.6,15044.3,4254.1,7493.7,32826.8,25253.7
870.6,3287.7,19687.1,15038.2,4202.7,7454.6,32881.2,25372.1
879.8,3301.3,19737.8,15055,4149.2,7403.9,32866.2,25324.2
897.4,3327.1,19820.3,15100,4098.4,7382.6,32802.8,25275.1
925.9,3364.1,19911.2,15163.2,4048,7348.7,32651.8,25164.9
925.9,3364.1,19911.2,15163.2,4048,7348.7,32651.8,25164.9
1009.3,3468.1,20239.6,15353.5,3947.4,7251.4,32219.9,24819.1
1054.3,3523,20478.7,15519.6,3902.3,7201.7,31973.6,24598.7
1054.3,3523,20478.7,15519.6,3902.3,7201.7,31973.6,24598.7
1142.2,3621.7,21241.1,15881.2,3822.1,7062.3,31462.9,24142.6
1178.5,3662.1,21496.4,16266,3806.3,7039.6,31229.7,23941.3
1210.6,3700.6,21736,16434,3803.7,7031.6,30993.6,23723.6
1246.7,3746.2,21966.5,16593.1,3833.2,7034.2,30706.3,23449.5
1287,3796.8,22181.9,16742.3,3857.5,7038.1,30383.3,23145.2
1327.7,3846.9,22387.5,16878,3872.9,7034.6,30043.4,22828.3
1327.7,3846.9,22387.5,16878,3872.9,7034.6,30043.4,22828.3
1410.1,3978,22721,17095.7,3898.5,6964.1,28983.1,22170.1
1439.6,3997,22849.4,17185.4,3906,6937.4,28731.3,21839.1
1439.6,3997,22849.4,17185.4,3906,6937.4,28731.3,21839.1
1456.9,4000.5,22991,17298,3931.8,6914.1,28577.3,21383.1
1456.9,3991.2,22997,17319.6,3950.7,6914.1,28577.3,21383.1
1456.9,3991.2,22997,17319.6,3950.7,6914.1,28577.3,21383.1
1426.8,3931.5,22780.8,17273.5,4000.3,6952.9,28724.1,21462.9
1398,3896.3,22604.7,17165.2,4059,7026.6,28867.1,21578.2
1398,3896.3,22604.7,17165.2,4059,7026.6,28867.1,21578.2
1369.9,3863.7,22395.3,17027.1,4091.4,7068.2,29031.3,21718.3
1369.9,3863.7,22395.3,17027.1,4091.4,7068.2,29031.3,21718.3
1322.5,3807.9,21930.6,16667,4156,7143.9,29351.2,21993.9
1302.7,3783.6,21723.5,16476.7,4182.9,7174.5,29481.9,22103.2
1269.2,3736,21350.1,16161.1,4231.8,7229.8,29718.5,22309.8
1269.2,3736,21350.1,16161.1,4231.8,7229.8,29718.5,22309.8
1228.2,3708.2,21170.4,16020,4253.7,7284,29877,22446.1
1180.1,3650.8,20857.3,15779.7,4293.7,7327.6,30243,22751.9
1180.1,3650.8,20857.3,15779.7,4293.7,7327.6,30243,22751.9
1155.9,3596.8,20720.4,15684.8,4308.2,7347.6,30408,22889.1
1136,3577.6,20500.2,15597.5,4326.2,7368.6,30547.1,23008
1121.5,3562.6,20407.9,15528.1,4332.5,7387.3,30767.6,23117.2
1109.5,3549.7,20337.3,15466.6,4333.9,7401.7,30843.8,23218.7
1100.3,3542,20306.1,15417.1,4333.9,7413.9,30897.2,23345.9
1095.6,3538,20305.7,15395.8,4329.9,7413.9,30917,23368.7
1094.6,3537.1,20305.7,15400.1,4323.4,7410.4,30900.7,23357.7
1093.7,3535,20329.2,15420.3,4317.2,7401.4,30865.8,23329.8
1093.3,3533.3,20368.5,15453.6,4310,7387.1,30825.9,23294.3
1093.2,3531.5,20427.8,15501.9,4301.2,7369.3,30780.1,23245.3
1092.6,3529.1,20506.2,15565.1,4289.7,7349.6,30735.9,23191.8
1092.9,3527.3,20603.4,15645.8,4276.7,7298.9,30704.4,23144.9
1092.9,3527.3,20719.9,15741.3,4263.8,7268.5,30677.2,23096.1
1094.3,3527.8,20853.4,15837.6,4241,7238.1,30636.4,23032.2
1094.3,3527.8,20853.4,15837.6,4241,7238.1,30636.4,23032.2
1099.7,3530.5,21228.1,16015.2,4226.5,7180.6,30541.3,22897.1
1105.7,3535.9,21355.9,16105.4,4218.5,7149.9,30486.4,22824.6
1114.9,3545,21478.4,16197.5,4210.3,7117.6,30412.6,22736.6
1125.2,3563.7,21592.3,16282.3,4202.6,7059.6,30323.9,22639
1133.9,3572.5,21691.9,16361,4198,7038.2,30240.7,22545.1
1142.2,3580.1,21767.1,16427.9,4194.6,7024.1,30163.3,22458.1
1149.4,3584.4,21819.4,16477.5,4194.3,7014.9,30034.1,22381.1
1149.4,3584.4,21819.4,16477.5,4194.3,7014.9,30034.1,22381.1
1159.3,3595.6,21879.4,16539.1,4197.7,7007.7,29943.9,22222
1164.6,3605.5,21893.7,16556.5,4196.8,7007.7,29896.5,22184.9
1164.6,3605.5,21893.7,16556.5,4196.8,7007.7,29896.5,22184.9
1180.4,3631.2,21873.9,16558.8,4197.5,7022.3,29768.8,22090.5
1191.1,3645.9,21854.6,16550.7,4200,7030.6,29686.2,22030.9
1203.4,3661.4,21839,16540.5,4201.5,7035.1,29600.4,21967
1215.9,3674.9,21839,16528.4,4199.3,7035.1,29529.4,21905.9
1226.6,3688.7,21844.8,16524.1,4197.1,7034.4,29466.1,21850
1236,3701.9,21869.1,16530.5,4191.1,7029.4,29413.7,21801.8
1236,3701.9,21869.1,16530.5,4191.1,7029.4,29413.7,21801.8
1259.8,3734.6,21928.6,16566.6,4175.1,7002.8,29288.7,21682.2
1259.8,3734.6,21928.6,16566.6,4175.1,7002.8,29288.7,21682.2
1269.1,3746.3,21956.6,16581.8,4166.7,6986.6,29254.1,21642.9
1275.5,3755.6,22065.2,16686.7,4080.7,6910.6,29265.2,21643.8
1275.5,3755.6,22065.2,16686.7,4080.7,6910.6,29265.2,21643.8
1284.4,3766.5,22140.5,16737.1,4046.7,6871.5,29253.8,21628.2
1305.8,3781.3,22378.7,16843.7,4000.6,6812.8,29187.7,21555.1
1310.3,3780.8,22438.6,16889.2,3986.4,6789.2,29215.5,21571.5
1310.3,3780.8,22438.6,16889.2,3986.4,6789.2,29215.5,21571.5
1311.7,3777.1,22496.5,16931,3978.9,6789.2,29258.1,21609.6
1309.8,3777.3,22563.3,16985.6,3975.9,6792.4,29290.3,21637.4
1309.4,3780.2,22625.1,17048.9,3975.9,6799.5,29315.9,21658
1310.5,3783.6,22677.3,17104.4,3976.3,6811.8,29348.3,21684.8
1312.8,3788.9,22722,17152.5,3982.3,6830.5,29382.6,21717.7
1317.4,3797.6,22767.3,17200.7,3994,6848.1,29411.5,21742.5
1326.3,3811.6,22812.5,17241.9,4024.9,6882.1,29414.6,21744.8
1354.8,3848.6,22928.5,17329.4,4062.6,6918.1,29384.8,21715.7
1354.8,3848.6,22928.5,17329.4,4062.6,6918.1,29384.8,21715.7
1359.5,3856.5,22982,17366.8,4081.9,6950.4,29355.7,21690.8
1366.1,3862.3,23071,17406.1,4115.3,6995.2,29303.4,21650.3
1382,3877.2,23117.8,17438.5,4162.2,7028,29203.9,21563.9
1403.9,3894.3,23170.6,17466.7,4203.1,7047.7,29110.5,21454.2
1403.9,3894.3,23170.6,17466.7,4203.1,7047.7,29110.5,21454.2
1445.2,3963.8,23267.3,17506.9,4269.9,7086.9,28932.2,21246.7
1464.6,3988.4,23314.2,17510.5,4290.6,7087.8,28866.7,21162.7
1464.6,3988.4,23314.2,17510.5,4290.6,7087.8,28866.7,21162.7
1503.3,4035.9,23397.9,17523.9,4288.9,7062.7,28773.3,20982.5
1517.7,4053.6,23397.9,17523.9,4283.9,7053.1,28773.3,20982.5
1530,4072,23379,17513.9,4273.9,7047.2,28844.2,20995.8
1542,4092.2,23361.6,17505.1,4258,7037.3,28860.6,20991
1552.7,4105,23351.1,17503.7,4242.2,7028,28868.3,20984.8
1558.1,4103.9,23335,17503.3,4219.2,7014.4,28889.2,20998.3
1558.9,4098.4,23206,17481.2,4186.9,7004.8,28938.4,21043.4
1556.5,4091.6,23118.8,17360,4159.7,7003.4,29042.3,21124.2
1556.5,4091.6,23118.8,17360,4159.7,7003.4,29042.3,21124.2
1534.5,4072.4,22842.8,17164.3,4108,7005.1,29301.8,21359
1530.9,4069.8,22655.2,17031.1,4081.6,7018.2,29466.3,21511.1
1525.2,4063.8,22462.1,16889.8,4019.7,7022.2,29650.5,21689.3
1525.2,4063.8,22462.1,16889.8,4019.7,7022.2,29650.5,21689.3
1493.9,4020.5,22082.1,16630.5,3954.7,6993.6,30124.3,22146.1
1475.5,3994.7,21934.2,16537,3929,6976,30364.7,22349.8
1458.4,3944.8,21816.6,16461,3904.1,6947.9,30584.3,22519.6
1443.7,3921.9,21741.1,16405.1,3872.5,6905,30779,22666.8
1443.7,3921.9,21741.1,16405.1,3872.5,6905,30779,22666.8
1429.9,3880.4,21669.2,16331.4,3773.9,6682.9,31116.7,22986.6
1428.8,3859.8,21635.7,16306.1,3719,6602.5,31247.7,23086.8
1428.8,3859.8,21635.7,16306.1,3719,6602.5,31247.7,23086.8
1428.8,3859.8,21635.7,16306.1,3719,6602.5,31247.7,23086.8
1426.5,3835.2,21511.5,16165.1,3599,6380.1,31964.6,23439.7
1417.7,3819.6,21451.9,16122.8,3560.6,6318,32151.7,23550.6
1417.7,3819.6,21451.9,16122.8,3560.6,6318,32151.7,23550.6
1390.9,3791,21434.6,16075.2,3546.3,6192.7,32373.3,23690.7
1390.9,3791,21434.6,16075.2,3546.3,6192.7,32373.3,23690.7
1386.5,3789.6,21469.5,16087.9,3544,6152.2,32423.1,23707.3
1387.4,3785.9,21553.1,16127.9,3517.6,6075.3,32499.9,23714.6
1387.4,3785.9,21553.1,16127.9,3517.6,6075.3,32499.9,23714.6
1391.6,3788.1,21595.5,16160.8,3498.5,6059.8,32499.9,23690.3
1407.8,3807.5,21693.9,16241.9,3488.8,6103.9,32456.6,23626.7
1413.6,3815.6,21651.3,16252.5,3501.1,6152.9,32405.3,23610.5
1413.6,3815.6,21651.3,16252.5,3501.1,6152.9,32405.3,23610.5
1418.4,3841,21590.9,16235.3,3530.4,6219.6,32359.3,23601.7
1421.7,3849.6,21526.9,16207.7,3629.2,6304.4,32313.2,23600.2
1417.9,3857.8,21468.8,16176.5,3685,6396.9,32264.7,23593.1
1400.6,3856.7,21420.9,16141.4,3746.3,6505.9,32202.1,23580.3
1384.8,3851.9,21371.4,16129.5,3807.4,6615.3,32127.8,23585.9
1374.3,3848.9,21324.1,16115.8,3859.4,6807,32050.6,23575
1371.8,3853.2,21295.8,16111.4,3911.8,6891.4,31948.1,23527.6
1369.7,3862.4,21305.7,16119.7,3961.7,6960,31724.4,23475.1
1369.7,3865.5,21300.7,16118.3,3999.7,7020.2,31708.4,23475.1
1369.7,3865.5,21300.7,16118.3,3999.7,7020.2,31708.4,23475.1
1359.2,3854.9,21064.3,16025.5,4075.2,7195.7,31727.1,23576.3
1355.5,3857.3,20897.3,15916.4,4129.5,7314.6,31656.6,23681.3
1358.3,3864.9,20704,15795.8,4296.8,7649.7,31556.9,23751.2
1361.7,3869.8,20521.6,15674.3,4357.8,7791.8,31478,23826.2
1356.6,3859.6,20398.7,15550.6,4399.9,7891.5,31411.6,23886.8
1346.5,3845.5,20341.2,15477.3,4425.6,7958.7,31359,23935.2
1332.2,3819.4,20355.4,15457.5,4436.7,8014.1,31299.4,23977.8
1318.5,3782,20380.4,15468.6,4445.6,8066,31217.5,24009.6
1312.6,3732.9,20407.5,15460.9,4451.2,8115,31136.4,24031
1311.9,3715.7,20409.6,15430.6,4459.6,8228.7,31047.3,24049.3
1314.3,3701.7,20406.4,15399.1,4461.1,8281.6,30962.4,24099.1
1318.4,3692.2,20442.2,15400.8,4453.4,8330.5,30873.8,24092.5
1325.2,3683.9,20480.7,15402.9,4444.1,8379.5,30749.1,24082.7
1333.3,3680.9,20640.5,15434.4,4427.9,8419,30603.7,24074.7
1338.4,3671.7,20794.7,15473.2,4388.2,8419,30447.2,24019.4
1338.7,3658.9,21047.2,15564.8,4344.1,8411.3,30279.9,23930.3
1338.7,3658.9,21047.2,15564.8,4344.1,8411.3,30279.9,23930.3
1328.6,3633.8,21315.7,15714.9,4275.6,8199.8,30051.7,23850.6
1298.3,3567.5,21997.5,16095.7,4064.1,7875.9,29857,23606.2
1298.3,3567.5,21997.5,16095.7,4064.1,7875.9,29857,23606.2
1294.7,3542.8,22350,16354.5,3986.1,7771.2,29714.3,23454.8
1304.4,3540.9,22729.1,16639.1,3933.3,7683.1,29485.6,23254.9
1353.7,3582.4,23495,17554.5,3834.7,7530.4,28836.2,22702.1
1388.7,3614.7,23902.3,17901.1,3776.7,7329.9,28478.7,22384.4
1436.7,3650.4,24352.9,18251.7,3720.3,7228.4,28099.8,22033.7
1479.3,3678.4,25339.5,18619.7,3599.2,7122,27714.6,21673.9
1522.1,3748.2,25799,19005.9,3546.9,7021.9,27294.4,21296.4
1570.7,3793.5,26205.8,19357.9,3500.3,6927.7,26856.6,20879.9
1570.7,3793.5,26205.8,19357.9,3500.3,6927.7,26856.6,20879.9
1660.2,3876.6,26962.6,20000.5,3423.6,6821.7,26076.6,19718.9
1660.2,3876.6,26962.6,20000.5,3423.6,6821.7,26076.6,19718.9
1703.9,3921.2,27299,20293.4,3418.9,6842,25691.8,19360.3
1785.4,4039.4,27710.1,20667.4,3459.3,7055.9,24847,18777.2
1785.4,4039.4,27710.1,20667.4,3459.3,7055.9,24847,18777.2
1815.5,4098.6,27830,20743.8,3527.2,7192.2,24445.1,18530.8
1881.2,4186.9,27830.4,20775.3,3655.5,7424,23824.9,18366.1
1881.2,4186.9,27830.4,20775.3,3655.5,7424,23824.9,18366.1
1881.2,4186.9,27830.4,20775.3,3655.5,7424,23824.9,18366.1
1897.8,4202.2,27749.4,20748.4,3751.5,7533.9,23810.7,18357
1858.9,4185.4,26625.9,20323.5,3922.4,8025.3,24200.7,18772.9
1858.9,4185.4,26625.9,20323.5,3922.4,8025.3,24200.7,18772.9
1858.9,4185.4,26625.9,20323.5,3922.4,8025.3,24200.7,18772.9
1679,4072.6,24921.1,19111.5,4130.4,8380.5,25439.7,19904.6
1617.9,4007.3,24437.1,18720.8,4181.5,8483.2,25891,20360.4
1521.1,3853.6,23624.7,18088,4278,8689,26678.5,21157.8
1521.1,3853.6,23624.7,18088,4278,8689,26678.5,21157.8
1474.1,3787.7,23140.2,17721,4327.1,8705.2,27169.1,22067.1
1408.7,3692.5,22621.8,17253,4361.4,8719.5,27748,22535.2
1339.9,3606.1,22136,16816,4394.2,8707,28368.9,23030.1
1339.9,3606.1,22136,16816,4394.2,8707,28368.9,23030.1
1225.3,3413.4,20783.5,16014.6,4375.5,8671.6,29691.1,24067.5
1200.6,3346,20377.2,15290,4384.2,8646.5,30359.5,24529.4
1199.3,3306.4,20038.7,14962.7,4399.3,8606,30917.9,24928.6
1199.3,3292,19812.8,14706,4419.2,8613,31380.6,25194.1
1214.8,3290.7,19652.2,14534.3,4467,8631.7,31733.4,25329.8
1237,3288.8,19581.2,14393.7,4512,8649.4,31733.4,25352.1
1262.5,3293.6,19583.2,14313.6,4548.8,8663.6,31746.3,25368
1262.5,3293.6,19583.2,14313.6,4548.8,8663.6,31746.3,25368
1339.8,3329.1,19731,14270.7,4587.7,8607.5,31745.1,25330.4
1391,3367.1,19826,14293.2,4674.3,8584.4,31658.1,25233.3
1451.7,3396,19828.1,14242.5,4739.6,8623.8,31600.2,25167.4
1451.7,3396,19828.1,14242.5,4739.6,8623.8,31600.2,25167.4
1566.3,3433.3,19769.8,14045.4,4938.2,8731.3,31396.1,25013.5
1613,3483.5,19899,14045.4,5027.8,8806.3,31113.6,24859.7
1659.7,3536.9,20074.5,14051.8,5103.8,8872.3,30754.1,24293.6
1717.8,3614.5,20313.4,14117.7,5185.8,8951.9,30300.2,23886.7
1794.4,3716.8,20616.1,14238.6,5276.1,9101.4,29734.8,23396.8
1937.4,3829.3,21071,14551.4,5378,9133.5,28708.9,22634.6
1971.7,3860.7,21225.5,14679.4,5392.8,9078.2,28417.8,22397.5
1971.7,3860.7,21225.5,14679.4,5392.8,9078.2,28417.8,22397.5
1996.4,3880.6,21346.3,14774.7,5368.2,9026.2,28249.5,22214.6
2034.7,3916,21500.2,14893.7,5408.4,8965.8,27979.7,21950.9
2050.9,3936.2,21551.5,14926,5481.5,9148.7,27691.4,21840.3
2050.9,3936.2,21551.5,14926,5481.5,9148.7,27691.4,21840.3
2073.7,3986.7,21694.8,15056.6,5568.9,9273.8,27144.2,21510
2077.2,4000.8,21985,15182,5568.2,9256.9,26953.7,21391.4
2082.1,4012.6,22190.4,15341.2,5528.7,9182.8,26768.3,21282.9
2085.5,4026.7,22384,15529.2,5460,9102.4,26685.5,21154.7
2085.5,4040.1,22542.7,15681.9,5396.1,9033.4,26682.1,21066.1
2085.5,4040.1,22542.7,15681.9,5396.1,9033.4,26682.1,21066.1
2087.9,4052.5,22675.1,15901.8,5337.4,8955.6,26707.9,21019.5
2090,4111.3,22913.6,16144.3,5194.7,8923.5,26625.6,20864.9
2090.1,4147.4,23057.8,16302.4,5156.7,8942.1,26517.5,20770.4
2090.1,4147.4,23057.8,16302.4,5156.7,8942.1,26517.5,20770.4
2081.9,4230.1,23290.2,16572,5144.7,9075.1,26109.2,20495.6
2081.9,4230.1,23290.2,16572,5144.7,9075.1,26109.2,20495.6
2076.8,4263.7,23399.8,16704.3,5142.9,9121.1,25875.6,20382.8
2057.5,4299.4,23633.4,16890.8,5109.9,9072.8,25649.2,20273.9
2045.1,4314.5,23684.4,16980.3,5073,9021.2,25606.4,20218.3
2045.1,4314.5,23684.4,16980.3,5073,9021.2,25606.4,20218.3
2030.8,4325.6,23687.1,17035.5,5037.2,8997.8,25592.3,20195.2
2025.6,4345.8,23603.7,17030.4,5039.5,9029.2,25692.4,20176.1
2025.6,4345.8,23603.7,17030.4,5039.5,9029.2,25692.4,20176.1
2019.1,4347.1,23459.7,16971.6,5082.1,9065.4,25806.5,20219.9
2001.8,4347.1,23275.8,16850.4,5114.3,9145.9,25946.2,20318
1981.6,4342.6,23116.6,16724.3,5156.7,9194.5,26057.5,20428.9
1959.4,4338.4,22977.4,16626.5,5198.5,9237.8,26151,20521.3
1940.4,4334.3,22854.5,16555.1,5237.4,9271.9,26213.7,20595.1
1923,4326.2,22763.4,16504.4,5273.1,9297.7,26259.3,20638
1905.6,4276.2,22677.1,16468.7,5307.7,9310.8,26345.3,20748.5
1889.4,4238.1,22593,16418.4,5335.7,9307.7,26487.8,20849.9
1872.8,4201,22493.9,16365.9,5353.3,9298.2,26652.5,20939
1858.5,4171.5,22468.2,16319.8,5369.2,9312,26762.7,20982.4
1858.5,4171.5,22468.2,16319.8,5369.2,9312,26762.7,20982.4
1839.9,4144.1,22480.5,16288.7,5403.1,9333.6,26787.5,20971
1837.4,4142.3,22529.6,16301.8,5396.8,9333.6,26731.6,20913.1
1839.9,4145.2,22623.6,16360.5,5370.2,9313.4,26622.6,20810.5
1844.6,4172.9,22914.4,16605.7,5269.6,9160.7,26286,20511.7
1843.3,4186,23078.7,16852.3,5203.6,9069.4,26164.5,20387.5
1839.3,4195.6,23250.9,16973.4,5116.1,8945.2,26112.5,20289
1837.2,4203.9,23399.8,17095,5002.4,8807.5,26102.7,20221.3
1832.8,4207.6,23531.1,17208.6,4886.3,8671,26151.6,20190.3
1822.2,4206.1,23760.7,17310.2,4776.4,8542.8,26223.6,20178.7
1808.6,4199.7,23830.4,17390.6,4675.2,8427.3,26308.8,20178.8
1792.6,4192.5,23853.2,17439.8,4586.5,8230.4,26419.9,20184
1775.2,4183.8,23853.2,17452.3,4432.9,8146.1,26560.3,20217.3
1758.8,4166.9,23845,17452.3,4358.6,8067.2,26727.2,20362.2
1744.6,4161.9,23818.4,17443,4282.6,7992.9,26897.1,20447.8
1731.1,4158.2,23792.8,17440.8,4208.7,7923.6,27057.7,20532.5
1717.2,4154.6,23762.5,17440.7,4139.7,7861.5,27222.6,20627.8
1703.4,4148.1,23707.9,17425.5,4078.9,7809.5,27405.4,20751.8
1703.4,4148.1,23707.9,17425.5,4078.9,7809.5,27405.4,20751.8
1667.2,4107.7,23463.8,17283.2,3984.5,7720.6,27918.3,21155.3
1638.6,4072.1,23304.5,17153,3945.8,7704,28266.3,21409.1
1608.2,4042.2,23180.7,17044.7,3913.9,7685.8,28558.3,21609.9
1584.4,4022.1,23071.5,16974.3,3875.1,7680.3,28748.6,21749
1566.2,4005.8,23047.4,16940.4,3794.9,7664.8,28876.6,21855.7
1549.7,3990.4,23017.5,16917.7,3736.3,7629.7,28973.1,21954.8
1533.9,3973.2,22980.8,16885.5,3677.7,7528.9,29097.1,22084.1
1533.9,3973.2,22980.8,16885.5,3677.7,7528.9,29097.1,22084.1
1514.2,3950,22936.9,16848.4,3629.2,7492.2,29315.3,22217.9
1481.5,3912.4,22919.3,16800.1,3531.8,7413.5,29396.1,22370.7
1481.5,3912.4,22919.3,16800.1,3531.8,7413.5,29396.1,22370.7
1472.3,3903.3,22933.8,16796.8,3480.7,7377.1,29404.2,22416.6
1463.3,3891.9,22999.1,16820.3,3353.4,7341.1,29353.8,22663.7
1461.7,3892,23025.9,16839.5,3285.2,7352.4,29311.6,22796.1
1461.7,3892,23025.9,16839.5,3285.2,7352.4,29311.6,22796.1
1459.2,3892,23056.8,16862.8,3225.4,7364.7,29260.5,22948
1458.9,3896.3,23076,16878.2,3148.1,7391.8,29205.1,23067.2
1474,3918.3,23095,16863.7,3147.1,7451.7,29109.3,23113.2
1512.3,3965.1,23123.6,16867.1,3147.1,7551.2,28928.5,23102.2
1577.1,4055.7,23144.2,16895.8,3209,7783.4,28384.4,22954.7
1577.1,4055.7,23144.2,16895.8,3209,7783.4,28384.4,22954.7
1594.3,4086.7,23146.2,16901.8,3234.9,7930.4,28166.4,22849.7
1639.9,4176.3,23236.8,17026.3,3295.2,7975.3,27628.9,22502.6
1639.9,4176.3,23236.8,17026.3,3295.2,7975.3,27628.9,22502.6
1670.2,4235.4,23342.7,17127.3,3319.5,7980.4,27318,22249.7
1714.3,4332.6,23570.8,17365.2,3332.1,7979.5,26842.5,21826.7
1714.3,4332.6,23570.8,17365.2,3332.1,7979.5,26842.5,21826.7
1723.5,4365.4,23665.1,17466.3,3334.5,7973.8,26520,21677
1723.8,4388.7,23726.9,17540.2,3359.1,7943.5,26413.3,21551.9
1723.8,4404.8,23732.1,17570.4,3399,7923.9,26361.8,21427.2
1718.6,4413.6,23666,17570.4,3439.9,7895.5,26340.3,21291.2
1711.3,4418.9,23549.4,17539.7,3469.8,7850.7,26325.8,20958
1703.2,4416.3,23424.7,17479.6,3483.9,7777,26309.9,20812.2
1689.7,4392.6,23298.7,17416.9,3499.2,7674.6,26326.7,20727.8
1660.3,4342.3,23159,17356.8,3500,7559.2,26434.1,20723.1
1609,4282.5,23028,17308.5,3485.4,7451.5,26629.6,20744.8
1556.3,4231.2,22906.1,17265.2,3483.3,7451.5,26870.7,20851.5
1517.8,4185.1,22785.4,17213,3483.3,7457.2,27081.4,20983.7
1480.9,4140.9,22630.3,17137.2,3499.5,7483.3,27317.4,21138.4
1451,4092.9,22428.1,17012.5,3568.5,7519.9,27576.9,21341
1420.1,4043.4,22213.7,16845.5,3608.4,7563.9,27846.6,21566.5
1390.4,4001.2,21785.2,16671.7,3649.2,7612.3,28100.2,21775.5
1367.9,3967.9,21604.5,16501.5,3688.5,7658.1,28299.7,21939.3
1351.6,3941.1,21466.4,16342.3,3725.3,7726,28448.9,22060.2
1343.9,3922.5,21377,16199.6,3759.4,7745.3,28571.7,22154.5
1343.9,3911.8,21343.3,16086.6,3788.4,7761.3,28679.4,22227.5
1344.3,3904.5,21332,15984,3817.8,7774.8,28832.4,22273.9
1347.5,3896.5,21329.5,15962.2,3844.5,7787.5,28891.8,22309.8
1349.8,3889.4,21336.1,15945.2,3873,7800.8,28969.9,22338.9
1349.8,3889.4,21336.1,15945.2,3873,7800.8,28969.9,22338.9
1357.3,3875.4,21352.5,15922.6,3938.1,7835,29169.4,22500
1360.5,3873.1,21352.5,15914.8,3950.4,7840.9,29248.2,22547.6
1362.3,3870.7,21340.3,15891.6,3961.7,7849.1,29318.8,22609.7
1362.6,3866.1,21304.8,15851.6,3972.7,7857.2,29400.2,22660
1362,3860.7,21234.8,15811,3981.4,7860.8,29457,22688.7
1360.4,3852.9,21203.9,15776.2,3990.4,7861,29485.2,22701.1
1357.6,3840.3,21170.6,15742.2,3999.3,7861,29507.2,22708.2
1352,3827.5,21145.3,15710.2,4008.5,7865.8,29531.5,22711.5
1346.8,3815.6,21110.2,15682,4017.3,7873.3,29571.4,22729.7
1346.8,3815.6,21110.2,15682,4017.3,7873.3,29571.4,22729.7
1342.2,3798,20995.8,15590.2,4037.1,7893.2,29735.5,22830.4
1342.2,3798,20995.8,15590.2,4037.1,7893.2,29735.5,22830.4
1343.3,3791,20931.9,15526.7,4045.8,7903.4,29824.3,22886.8
1344.9,3781.9,20798.5,15390.3,4070.8,7925.5,29970.4,22981.2
1345.1,3781.9,20740.6,15335.6,4075.8,7943.1,30036.1,23027.8
1345.1,3781.9,20740.6,15335.6,4075.8,7943.1,30036.1,23027.8
1342.5,3779.8,20654.1,15276.2,4090.2,7959.2,30132.5,23086.3
1342.5,3779.8,20654.1,15276.2,4090.2,7959.2,30132.5,23086.3
1343.7,3780.1,20635.9,15251.9,4098.8,7965.2,30140,23109.1
1346.4,3783.7,20615.1,15226.7,4106.8,7971.4,30156.2,23124
1348.2,3783.9,20590.4,15203.6,4114.7,7979.4,30173.8,23136.2
1350.2,3785.2,20570.2,15182.3,4122.9,7987,30186.5,23143.8
1354.7,3789.2,20556,15163.6,4130.5,7997.8,30205.5,23154.3
1360.6,3795.8,20547.1,15153.1,4136,8002.5,30223.1,23163.8
1364.9,3800.2,20531.3,15140.6,4142.1,8007.4,30233.7,23169.8
1366.5,3800.4,20506.3,15124.1,4147.6,8012.9,30238.9,23172.7
1364.8,3795.9,20459.5,15081.4,4160.9,8022.2,30236.2,23175.6
1364.8,3795.9,20459.5,15081.4,4160.9,8022.2,30236.2,23175.6
1361.1,3789.7,20446.7,15076.1,4167.5,8026.2,30232.1,23178.9
1355.6,3781.5,20438.1,15069.4,4173.6,8040.1,30244.5,23197.3
1348.8,3771.8,20418.2,15068.7,4181.3,8050.4,30274.4,23231.9
1341,3760.5,20384.5,15058.2,4193.6,8062.7,30315.5,23278
1335.3,3749.9,20324.2,15029,4207.7,8075.1,30370.5,23327.4
1331.4,3740.6,20236.7,14974.2,4220.1,8088.7,30427.9,23384
1328.8,3735.6,20156.3,14909.4,4229.8,8102,30483.5,23437.1
1326.4,3733.3,20078.2,14850.3,4241.3,8111.3,30559.2,23480.1
1324.3,3730.4,19994.5,14788.2,4242.8,8129.4,30575.9,23543.4
1322.1,3717.7,19913,14725,4248.2,8142.4,30586.2,23569.3
1322.5,3712.9,19824.7,14657,4255.8,8156.4,30592.5,23587.3
1321.3,3707,19719.8,14575.2,4261.8,8170.1,30610.4,23606.8
1318.6,3696,19608.1,14488.8,4268,8184.6,30623.3,23633.9
1312.6,3685,19494.2,14411.2,4273.9,8199.7,30645,23671.9
1306.5,3675.6,19300.8,14344,4279,8216.8,30667.9,23711.6
1299.9,3667.7,19227.2,14290.1,4283.3,8244.3,30694.4,23752.2
1299.9,3667.7,19227.2,14290.1,4283.3,8244.3,30694.4,23752.2
1287.4,3651.9,19177.1,14230.2,4285.3,8248.3,30740.4,23805.7
1280.1,3644.1,19177.1,14230.2,4283.1,8243.6,30741.7,23805.7
1272.9,3637.7,19212.3,14243.7,4265.7,8230.4,30726,23803.4
1266.5,3633.7,19292.2,14289.4,4253.8,8209.2,30706,23775.7
1262.4,3634.6,19420.2,14367.8,4241.5,8181.8,30653.9,23711.9
1263,3638.9,19585.7,14484.4,4227.6,8109.9,30571.8,23615.2
1264.1,3641,19786.8,14628.5,4210.4,8065.7,30460.7,23486.8
1266.3,3645.8,20021.8,14795,4191.8,8012.6,30320.9,23330.8
1266.3,3645.8,20021.8,14795,4191.8,8012.6,30320.9,23330.8
1278.8,3674.9,20562.9,15192.5,4141.5,7888.2,29755.7,22702.2
1288,3726.9,21221.6,15685.3,4110.5,7821.4,29529.6,22459
1298.8,3764.4,21598.8,15977.1,4075,7748.2,29255,22175.8
1314.9,3808.7,21999.9,16293.4,4034.9,7579.4,28918,21837.4
1338.7,3855.7,22429.4,16635.3,3943.9,7485.5,28529.1,21449.5
1338.7,3855.7,22429.4,16635.3,3943.9,7485.5,28529.1,21449.5
1367.2,3905.9,22892.9,17007.7,3890.6,7387.1,28092.2,21019.6
1441.7,4025.8,23960.1,17900.4,3763.8,7170.9,27054.4,20030.2
1441.7,4025.8,23960.1,17900.4,3763.8,7170.9,27054.4,20030.2
1496.5,4101.1,24579.3,18423.7,3687.4,7043,26425.9,19434.5
1684.3,4244.1,25721,19350.7,3537,6704.5,25221.3,18292.8
1733.9,4307.4,26192.2,19730.3,3471.7,6625.2,24723.1,17825.3
1733.9,4307.4,26192.2,19730.3,3471.7,6625.2,24723.1,17825.3
1774.9,4366.1,26586,20053,3413.5,6560.7,24309.2,17443.7
1811.2,4420.8,27237.1,20342.2,3361.1,6503.1,23952.3,17120.6
1845.2,4471.1,27528,20608.7,3313.7,6449.2,23630.3,16829.7
1876.6,4517.4,27793.2,20853.6,3229.9,6400.5,23336.8,16565.7
1904.9,4559.1,28024.4,21075.8,3195,6357.7,23065.6,16323.6
1930.4,4595.3,28221.4,21267,3166.1,6297.8,22827.4,15934.2
1952.6,4626.4,28375.3,21425.6,3141.5,6284.4,22631.8,15805.1
1980,4689,28505.7,21619.9,3110.4,6282.6,22375,15717.2
1980,4689,28505.7,21619.9,3110.4,6282.6,22375,15717.2
1986.1,4698.4,28505.7,21640.1,3108.3,6292.7,22375,15717.2
1986.2,4698.5,28464.8,21640.1,3108.3,6323.5,22415.2,15761.4
1985.1,4696.2,28325,21593.2,3120.1,6377.5,22549.4,15892.8
1968.2,4679.7,28092.2,21460.2,3143.6,6494.6,22782.5,16122.1
1938.4,4660.7,27850.8,21264.1,3169.8,6542,23043.6,16388.4
1908.6,4648,27451.4,21073.5,3190.1,6578.3,23267.5,16618.6
1882.3,4634.1,27298.5,20911.8,3217.4,6607.2,23451.2,16809.9
1861.2,4617.7,27166.2,20770.7,3229,6635.7,23595.4,16959.8
1861.2,4617.7,27166.2,20770.7,3229,6635.7,23595.4,16959.8
1825.9,4580.6,26898.4,20419.1,3251.7,6697.8,23854.8,17230.2
1825.9,4580.6,26898.4,20419.1,3251.7,6697.8,23854.8,17230.2
1825.9,4580.6,26898.4,20419.1,3251.7,6697.8,23854.8,17230.2
1774.4,4525,26533.4,20103.6,3282.7,6812.8,24217.3,17617.4
1759.5,4506.4,26435.9,20018.6,3291.5,6837.7,24330.5,17738.8
1746.9,4488.3,26356.8,19944.8,3300.2,6860.5,24444.5,17966.6
1737.7,4473.3,26290.4,19878.2,3308.9,6881,24542.8,18055.9
1730.4,4460.8,26231.5,19821.3,3317.5,6897.3,24624,18127.9
1722.8,4434.5,26134.7,19772.9,3326.1,6920.4,24744.7,18189.4
1714.6,4420.7,26092,19728.5,3328.9,6930.8,24795.6,18246
1706.8,4408.3,26048.7,19688.6,3331.8,6942.7,24849.5,18301.3
1699.4,4399.4,26004.1,19648.5,3335.8,6954.1,24900.9,18356.2
1693.7,4389.2,25966.6,19603.5,3340.8,6967.7,24960.6,18419.6
1686.7,4375.8,25925.3,19562.1,3348.4,6981.8,25024,18486.1
1679.9,4366.4,25880.7,19521,3357.1,6995.4,25092.2,18553.4
1679.9,4366.4,25880.7,19521,3357.1,6995.4,25092.2,18553.4
1672.8,4358,25830.5,19482.2,3366.2,7010,25165.5,18623.3
1664.6,4351.2,25774.8,19440.2,3375.7,7046.1,25245.4,18700
1648.8,4344.5,25645.9,19345.8,3397.5,7082.5,25397.5,18852
1648.8,4344.5,25645.9,19345.8,3397.5,7082.5,25397.5,18852
1640.4,4340.7,25550.5,19275.5,3423.9,7102.9,25488.2,18941.3
1640.4,4340.7,25550.5,19275.5,3423.9,7102.9,25488.2,18941.3
1636.7,4335.8,25489.1,19240.6,3437.4,7109.6,25523.8,18964.8
1631.6,4331.1,25486.4,19236.5,3444.2,7120.2,25547,18991.8
1631.6,4331.1,25486.4,19236.5,3444.2,7120.2,25547,18991.8
1626.1,4327.6,25478,19235.5,3453.4,7128.1,25573.6,19011.3
1624.5,4327.6,25461.9,19225.4,3464.5,7133.6,25604.9,19024.8
1627.7,4342.2,25416.1,19184.4,3488.7,7143,25675.3,19040.2
1627.7,4342.2,25416.1,19184.4,3488.7,7143,25675.3,19040.2
1633.6,4350.2,25385.9,19153.6,3500.7,7150.3,25687.6,19052.8
1656.3,4371,25318.5,19047.2,3527.6,7201.5,25669.9,19052.4
1669,4386.1,25283.6,19007.1,3575.4,7242.9,25610.6,19038.9
1669,4386.1,25283.6,19007.1,3575.4,7242.9,25610.6,19038.9
1694.1,4410.3,25236.5,18963.3,3644,7371.4,25420.9,18966.3
1694.1,4410.3,25236.5,18963.3,3644,7371.4,25420.9,18966.3
1706.6,4416.4,25282.8,18972,3667.6,7424.2,25336.8,18937.7
1720,4427.1,25306.4,18975.1,3689.3,7468.4,25270.9,18914.3
1737.4,4440.4,25333.1,18984.2,3709.1,7510.2,25219.6,18896.6
1754.5,4451.3,25341.5,18981.8,3722.4,7563.8,25180.6,18877
1765.6,4458.9,25287.7,18922.1,3732,7587.4,25190,18891.2
1772.8,4459.7,25202.2,18849.5,3748,7622.2,25216.4,18912.4
1781.1,4462,25056.6,18700.5,3770.5,7671,25317.9,18996.8
1785.2,4467.2,24875.8,18538.9,3793.9,7720.2,25403.5,19223.8
1785.2,4465.2,24691.2,18380.8,3848.9,7766.9,25504.4,19341
1781,4455.3,24490.6,18208.8,3874.8,7805.2,25604.4,19454.6
1769.7,4396.4,24298.5,18040.2,3898.5,7857.2,25706.6,19570.4
1769.7,4396.4,24298.5,18040.2,3898.5,7857.2,25706.6,19570.4
1740.9,4334.2,23826.8,17741.2,3917.7,7869.5,26081.5,19823
1724.9,4304.5,23711,17628.8,3914.3,7846,26266.4,19979.8
1707.9,4274,23632.3,17541.1,3901.5,7814.4,26466.2,20123.3
1707.9,4274,23632.3,17541.1,3901.5,7814.4,26466.2,20123.3
1671.4,4209.7,23496.2,17450.4,3867.7,7777.8,26861.8,20405.8
1652.5,4181.5,23421.8,17400.8,3855.4,7750.2,27035,20529.4
1635.1,4153.7,23328.2,17339.2,3846.3,7760,27212.5,20663.3
1612.7,4127.3,23189.7,17256.3,3854.7,7785.2,27390.5,20821
1612.7,4127.3,23189.7,17256.3,3854.7,7785.2,27390.5,20821
1580.4,4102.7,23079.9,17110.3,3865.3,7812.9,27498.6,21005.4
1578.7,4107.4,23115.3,17110.3,3861.8,7810,27483.7,21005.4
1578.2,4109.1,23188.6,17162.7,3857,7806.4,27437.2,20986
1576.6,4100.3,23276.6,17235.8,3849,7807.3,27411.4,20966.7
1576.7,4096.6,23496.7,17406.7,3846.1,7813,27361,20907.6
1582.3,4106,23585.2,17484.1,3846.1,7832.3,27290.1,20877
1589.5,4121.8,23637.9,17546.1,3856,7862.6,27200.9,20847.5
1592.3,4130.1,23672.4,17585.8,3873,7893.4,27116.4,20824.8
1589.2,4127.3,23691.7,17622.6,3890.8,7916.6,27056.8,20806.4
1589.2,4127.3,23691.7,17622.6,3890.8,7916.6,27056.8,20806.4
1581.4,4125,23753.6,17706.6,3917.4,7966.7,26919.8,20770.2
1581.4,4125,23753.6,17706.6,3917.4,7966.7,26919.8,20770.2
1583.5,4141.7,23795.7,17757,3925.1,7980.6,26832.9,20721.3
1613,4190,23889.4,17863,3964.8,8030.6,26604.4,20591.5
1632.5,4210,23957.8,17923.4,3990.6,8066.1,26461.5,20516.9
1651.3,4228.9,24058.7,18008,4012.6,8097.9,26292.1,20409.7
1671.7,4240.9,24322.3,18131.6,4038,8132.3,26131.2,20284.1
1671.7,4240.9,24322.3,18131.6,4038,8132.3,26131.2,20284.1
1699,4224.5,24509.4,18267.9,4097.2,8242,25924.4,20126.5
1698.8,4205.4,24597.3,18317.7,4126.7,8263.1,25871.4,20086.8
1694.9,4190,24677.3,18368.9,4151.8,8268.6,25829.8,20050.9
1694.9,4190,24677.3,18368.9,4151.8,8268.6,25829.8,20050.9
1684.3,4161.6,24841.6,18445.3,4204.7,8280.5,25753.9,19957.4
1657.9,4145.8,24913.2,18471,4231.1,8301.2,25719,19921.6
1657.9,4145.8,24913.2,18471,4231.1,8301.2,25719,19921.6
1640.9,4114.6,25057.3,18533.1,4263.6,8345.9,25635,19784.7
1640.9,4114.6,25057.3,18533.1,4263.6,8345.9,25635,19784.7
1631.4,4074.1,25138.3,18593.2,4261.4,8342.9,25568.9,19705.7
1601.7,4006.6,25315.4,18749.8,4250.7,8275.6,25529.9,19648.3
1573,3959.7,25380.7,18785.1,4237.5,8215.9,25541.5,19648.3
1573,3959.7,25380.7,18785.1,4237.5,8215.9,25541.5,19648.3
1537.7,3911.8,25366.7,18780.7,4220.8,8163.1,25696,19662.6
1496.1,3858.2,25318.8,18768.6,4203.2,8065.2,25810,19699
1450.5,3808.8,25248.3,18748.9,4158.2,8009.4,25930.2,19754.6
1406.1,3767.2,25181,18645.7,4125.1,7950.3,26050.8,19807.5
1335.1,3712.7,25065.5,18571.2,4050,7849.7,26277,19911.4
1335.1,3712.7,25065.5,18571.2,4050,7849.7,26277,19911.4
1307.3,3697.7,25003.2,18547.1,4023,7811.8,26362,19957
1278.4,3681.4,24946.5,18535.1,3992.2,7761.5,26450.6,20004.6
1251.9,3666.5,24908.4,18537.1,3950.3,7620.9,26560.7,20061.7
1231.1,3657.8,24900.4,18563.9,3897.2,7565.3,26676.9,20185.5
1216.3,3655.5,24933.3,18623.8,3846.7,7530.9,26760.9,20235.5
1206.8,3652.6,24982.2,18672.5,3812.2,7512.4,26841.5,20280.1
1201.8,3653.9,24935.1,18676.6,3792.8,7500.5,26925.7,20348
1198.8,3658.4,24847.6,18655.4,3777.9,7505.2,27022,20434.9
1196,3661.8,24738.7,18585.7,3774.5,7506.3,27113.8,20510.1
1193.2,3660.1,24647.3,18500,3771.9,7491.1,27206.2,20576.5
1188.2,3656.2,24557,18416,3760.1,7474.4,27275,20628.7
1182.7,3655.9,24464.6,18331.7,3747.8,7458.7,27330.1,20661
1181.7,3658.7,24348.5,18242.4,3738.9,7445.7,27367.9,20690.6
1183.8,3662.4,24222.6,18138.5,3731.3,7433.8,27433.5,20718.6
1187.5,3666.4,24092.9,18032.7,3725.8,7427,27449.5,20732.1
1191.3,3669.3,23958.6,17924.4,3722.6,7419.3,27453.5,20745.2
1193.7,3667.1,23818.4,17811.2,3715.4,7387,27448.8,20747.4
1192,3665.6,23663,17688.1,3702,7368.1,27438.7,20747.4
1190.2,3666.4,23280.9,17549.6,3688.3,7349.4,27383.1,20718.9
1192.4,3669.5,23054.8,17386.9,3671.2,7337.3,27299.3,20647.5
1194.7,3672.7,22813,17202.8,3668.6,7326,27236.2,20571.3
1195.1,3674.2,22596.7,17011.2,3666.8,7316.7,27176.7,20437.9
1194.4,3677.5,22414,16832.7,3663,7307.9,27093.3,20349.7
1195,3683.3,22261.9,16689.4,3656.2,7282.6,26977.9,20245.4
1195.1,3688.5,22132.8,16576.9,3648.8,7265.3,26846.9,20131.7
1195.1,3688.5,22132.8,16576.9,3648.8,7265.3,26846.9,20131.7
1196.3,3724.6,21899.1,16289.3,3630.3,7229.4,26547.3,19871.9
1203.7,3752,21802.1,16207.7,3621.8,7211.1,26402,19743.6
1217.7,3779.9,21702.3,16133,3611.4,7187.3,26252.2,19603.4
1234.7,3802.4,21609.7,16044,3595.7,7160.3,26085.6,19443.2
1249,3821.6,21354.7,15937.3,3558.2,7133.8,25892.2,19262.6
1260.3,3835.5,21218.2,15827.4,3542.6,7096,25686.4,19091.8
1267.9,3843.8,21085.7,15723.8,3528.4,7087,25381.8,18953.8
1270.5,3847,20953.2,15620.8,3515.9,7080.1,25311.4,18864
1270.5,3847,20953.2,15620.8,3515.9,7080.1,25311.4,18864
1269.9,3847,20825.9,15524.6,3505.9,7079.2,25286.8,18833.7
1256.4,3830.4,20607.2,15365.8,3485.5,7082.3,25324.7,18852.2
1256.4,3830.4,20607.2,15365.8,3485.5,7082.3,25324.7,18852.2
1244.4,3814.9,20515.8,15311.8,3476.6,7091.5,25365.4,18899.2
1222.5,3783.3,20350.1,15216.9,3468.2,7153.7,25491.4,19144
1211,3766.6,20258.5,15161.4,3466.8,7183.9,25579.7,19261.6
1211,3766.6,20258.5,15161.4,3466.8,7183.9,25579.7,19261.6
1199.4,3747.8,20158.4,15092.5,3467,7215.7,25699,19402.4
1186.1,3726.7,20067.3,15031,3469.6,7249.2,25830.3,19547.4
1170.2,3702.1,19901,14973.9,3474.5,7286.5,25966.7,19703.2
1153.6,3649.5,19845.3,14914.1,3485.8,7327.4,26120.7,19882.5
1137.1,3626.5,19802.5,14868.3,3502.5,7414.5,26305.9,20084.8
1122.1,3603.5,19751,14826.5,3522.1,7456.9,26514.2,20302.2
1107.8,3582.4,19712.7,14793.1,3542.1,7498.7,26726.7,20502.8
1091.4,3546.1,19591,14718.2,3585.3,7582.4,27079.9,20851.4
1091.4,3546.1,19591,14718.2,3585.3,7582.4,27079.9,20851.4
1090.9,3533.8,19504.2,14652.6,3607.9,7625.9,27227.5,20993.2
1097.2,3525.6,19316,14491.4,3646.2,7713.9,27353.8,21105.3
1097.2,3525.6,19316,14491.4,3646.2,7713.9,27353.8,21105.3
1109.1,3524.2,19203.9,14406,3675.8,7725.4,27349.4,21105.3
1109.1,3524.2,19203.9,14406,3675.8,7725.4,27349.4,21105.3
1144.3,3535.6,18835,14079.8,3692.7,7728.5,27246.9,21050.9
1165.9,3542.1,18702.8,13951.6,3698.4,7725.3,27176.1,20973.3
1187.3,3548.8,18561.5,13818.5,3702.6,7722,27103,20820.9
1208,3555,18411.7,13681.8,3706.2,7720.6,27034.5,20757.1
1226.5,3557.7,18263.6,13539.1,3709.6,7721.1,26975.9,20704.4
1226.5,3557.7,18263.6,13539.1,3709.6,7721.1,26975.9,20704.4
1255.3,3553.9,17944.5,13245.5,3714.3,7711.8,26852.8,20587.7
1266,3542.1,17805.1,13116.3,3711.7,7702.9,26794.5,20526.9
1266,3542.1,17805.1,13116.3,3711.7,7702.9,26794.5,20526.9
1291.3,3535,17598.5,12904.2,3698.9,7675.6,26709.3,20445.1
1303.6,3532.8,17519.7,12824.2,3693,7654.1,26686.1,20417.4
1303.6,3532.8,17519.7,12824.2,3693,7654.1,26686.1,20417.4
1314.9,3532.7,17433.3,12752.4,3688.4,7626.2,26667.6,20391.9
1331.3,3526.7,17179,12604.8,3688.3,7623.1,26669.4,20396.1
1331.8,3516,17098.5,12530.3,3688.9,7623.8,26703.3,20430.4
1331.8,3505.8,17019,12467.2,3689,7629.9,26749.9,20476
1330.9,3492.8,16920.7,12412.4,3690.8,7640.9,26893.3,20543.1
1327,3473.2,16833.4,12348.1,3695.3,7654.6,26976.7,20631.2
1318.8,3454.2,16780.6,12302.1,3698.1,7680.7,27064.3,20719.4
1318.8,3454.2,16780.6,12302.1,3698.1,7680.7,27064.3,20719.4
1310.4,3439,16774.2,12282.8,3701,7693.9,27146.8,20812.9
1306.9,3432.3,16774.2,12282.8,3705.1,7702.2,27223.1,20969.3
1292.2,3407.1,16875.9,12337.6,3706.5,7707.1,27372.8,21104
1292.2,3407.1,16875.9,12337.6,3706.5,7707.1,27372.8,21104
1274.9,3379,17003.5,12442.5,3709.6,7720.9,27524,21241.7
1269.8,3366,17150.8,12497.4,3711.7,7733.1,27579.4,21294.4
1265,3346.9,17241.4,12551.5,3713,7735.4,27620,21333.4
1258.1,3336.5,17338.6,12611.9,3714.8,7734.2,27654.6,21360.8
1250,3328.1,17447.8,12679.4,3715.9,7729.3,27685.1,21377.5
1233.3,3321.2,17566.8,12758,3713.7,7725.2,27707.6,21387.2
1233.3,3321.2,17566.8,12758,3713.7,7725.2,27707.6,21387.2
1218.7,3316.2,17814,13033.4,3709.5,7721.8,27759.8,21416.2
1218.7,3316.2,17814,13033.4,3709.5,7721.8,27759.8,21416.2
1212.3,3312.4,17933.8,13124.5,3708.4,7713.8,27787.4,21435.7
1195.1,3301.9,18139.9,13285.3,3703,7692.4,27838.2,21460
1195.1,3301.9,18139.9,13285.3,3703,7692.4,27838.2,21460
1188.5,3298.4,18207.7,13342.9,3701.4,7683.8,27862.4,21460.4
1166.6,3281.2,18320.7,13439.2,3696.5,7678.4,27930,21469.4
1166.6,3281.2,18320.7,13439.2,3696.5,7678.4,27930,21469.4
1154.2,3273.1,18465.5,13494.6,3694.7,7673.6,27966.1,21511
1148.2,3274.9,18549.3,13558.5,3691.8,7654.5,27994.5,21512.8
1132,3279.1,18721.6,13694.9,3687.9,7626.6,28054.5,21508.6
1132,3279.1,18721.6,13694.9,3687.9,7626.6,28054.5,21508.6
1120,3275.8,18808.2,13763.3,3688,7613.6,28087.8,21505.9
1104,3278.8,19060.6,13947.2,3685.2,7579.5,28105.9,21471.8
1104,3278.8,19060.6,13947.2,3685.2,7579.5,28105.9,21471.8
1098.7,3287.9,19218.5,14070.1,3682.6,7554.8,28111.4,21433.2
1095.3,3296.5,19372.7,14182.7,3681.6,7516.6,28149.5,21424.6
1095.3,3307,19521.9,14285.1,3678.6,7497.1,28199.7,21427.1
1097.7,3328.1,19684.6,14407.5,3671.1,7472.6,28221,21399.7
1108.5,3367.8,19862.3,14534.3,3657.7,7441.4,28208.4,21348.9
1128.5,3419.7,20081.3,14691.2,3641.3,7396.7,28194.4,21277.8
1149.2,3469.8,20505.8,14848.4,3625.7,7349.7,28191.4,21210
1169.3,3518.7,20718.3,14996.7,3612.6,7301.1,28200.6,21143.9
1194.1,3573.7,20920.2,15152.4,3599.5,7207.1,28186.3,21048.8
1222.7,3634,21099.7,15300.9,3583.9,7158.1,28089.8,20938
1254.7,3698.7,21272.9,15435.5,3555.2,7106.1,28040.7,20836.6
1280.9,3755.8,21442.2,15567.8,3540.9,7053,27989.7,20637.9
1303.4,3806.9,21595.7,15698.6,3523.9,7002.1,27929.8,20536.2
1329.5,3862.4,21714.2,15814.4,3503.3,6954.6,27863.4,20434.1
1361.1,3923.3,21786.7,15967.4,3483.4,6909.9,27801.6,20342.8
1392.5,3982.6,21822.5,16002.2,3464.4,6871.5,27754.3,20266.7
1422.3,4037.6,21830.6,16000.8,3445.7,6800.3,27703.2,20207.1
1450.6,4129.4,21816.9,15980.1,3425.6,6767,27643.3,20150.8
1475.7,4153.3,21749.7,15957.1,3414.8,6749.6,27551.6,20072
1493.8,4156.5,21663.2,15926.8,3410.6,6743,27469.5,20008.5
1501.3,4156.5,21541.6,15878.1,3406.5,6735.6,27389.5,19977.7
1501.4,4147.4,21427.5,15811.9,3400.4,6724.2,27335.2,19953.4
1500.3,4136.6,21317.8,15743.5,3397.2,6714.7,27293.1,19942.3
1498.4,4130.4,21178.4,15662.8,3391.6,6704.9,27240.5,19921.7
1500.9,4127.6,21018.2,15553.9,3387.3,6709.8,27194.3,19921.7
1500.9,4127.6,21018.2,15553.9,3387.3,6709.8,27194.3,19921.7
1505.5,4087,20690,15305.4,3386.2,6735,27117.9,19937.7
1497.9,4062.6,20484,15150.8,3385.8,6750.9,27092.7,19956
1493,4042.6,20278.3,14983.2,3386.2,6766.6,27067.9,20015.5
1491.8,4025.9,20084.9,14827.8,3387.7,6782,27065.8,20047.1
1491,4001.8,19902.3,14677.8,3393.6,6814.7,27115.8,20118.7
1483.9,3965.1,19655.4,14559.2,3401.7,6827,27218.3,20223.1
1483.9,3965.1,19655.4,14559.2,3401.7,6827,27218.3,20223.1
1468.8,3930.8,19615.7,14484,3419.7,6835,27338.6,20325.5
1432.9,3901,19587.8,14444.7,3430,6841.7,27465.3,20426.1
1414.3,3876,19566,14418.1,3438.5,6847.1,27615.4,20535.8
1373.7,3817.5,19519.6,14378.6,3458.9,6874.8,27969.1,20808
1354.9,3800.7,19478.7,14363.3,3474.5,6929.6,28152.7,20954.5
1354.9,3800.7,19478.7,14363.3,3474.5,6929.6,28152.7,20954.5
1318.3,3762,19357.1,14292.9,3508.3,6988.7,28508.5,21245.5
1297.4,3741.5,19312.3,14259.2,3528.1,7013.9,28665.7,21379.8
1297.4,3741.5,19312.3,14259.2,3528.1,7013.9,28665.7,21379.8
1249.2,3699.1,19245.8,14219.2,3567.8,7066.1,28974.7,21635.9
1249.2,3699.1,19245.8,14219.2,3567.8,7066.1,28974.7,21635.9
1225.6,3678,19284.9,14247,3592.1,7098.1,29143.1,21769.4
1202.8,3659.1,19327.2,14298.3,3636.7,7175.7,29316.3,21912.7
1162.3,3628.2,19397,14397.6,3678.3,7260,29597.6,22268.4
1162.3,3628.2,19397,14397.6,3678.3,7260,29597.6,22268.4
1145.2,3616.8,19405.4,14429.1,3697.8,7312.8,29684.6,22380.4
1119.8,3600.7,19419.4,14482.9,3730.1,7395.2,29807.4,22489.6
1119.8,3600.7,19419.4,14482.9,3730.1,7395.2,29807.4,22489.6
1115.6,3600.7,19440.7,14529,3746.3,7428,29795.6,22489.6
1115.6,3602.7,19495.7,14604,3763.3,7493.4,29736.1,22485.1
1121.9,3619.2,19601.3,14711.9,3781.8,7531,29612,22433
1134.9,3646.6,19719.6,14831.3,3806.4,7582.7,29430.1,22339.7
1152.5,3702.8,19850.8,14968,3840.9,7635,29216.4,22221.3
1166.8,3720.5,20038.5,15128.6,3893.8,7671.9,28990.9,22090.6
1182.5,3737.4,20365.2,15255.8,3914.9,7699,28785.8,21950.2
1202.9,3758.9,20494.2,15355.8,3932.6,7719.9,28592,21814.5
1224.2,3786.7,20605.7,15427.1,3939.7,7745.8,28393,21673.3
1251,3819.9,20709.4,15486,3943.7,7766.2,28206.2,21539.5
1282.3,3852.8,20817.1,15540.1,3948.9,7786.6,28054.9,21430.9
1308.4,3876.7,20912.3,15592.2,3948.3,7796.4,27942.8,21350.3
1329.3,3897.9,21002.7,15638.5,3944,7799.4,27842.5,21277
1349.1,3920.6,21101.7,15681.4,3940.8,7806.5,27729.4,21193.7
1372.4,3942.3,21199.9,15748.5,3941.2,7819.1,27596.2,20987.8
1399,3957.8,21325,15829.7,3942.1,7833.2,27467.5,20885.8
1425,3965.9,21441.6,15923.2,3935,7833.2,27242.6,20807.5
1425,3965.9,21441.6,15923.2,3935,7833.2,27242.6,20807.5
1466,3971.4,21702.9,16053.6,3905.1,7812.9,27232.4,20791.2
1469.3,3956.9,21729.6,16047,3872.9,7796.9,27327,20855.3
1468.4,3938.9,21700,16041.5,3846.4,7789.7,27468.9,20959.5
1461.9,3914.5,21660.5,16011.5,3827.7,7784.6,27612.2,21062.2
1459.2,3887.1,21646,15904.5,3809.7,7781.8,27721.7,21166.4
1463.5,3883.5,21632.6,15863.4,3791.7,7777.8,27809.5,21247.8
1463.5,3883.5,21632.6,15863.4,3791.7,7777.8,27809.5,21247.8
1468.2,3876.6,21620.3,15831.8,3777.8,7772.4,27873.2,21314.8
1459.5,3837.3,21602.4,15811.7,3759.7,7753.5,27984.8,21417.2
1442.7,3819.4,21571.4,15804.5,3759.4,7750.8,28036,21467.5
1426.3,3800.4,21539.4,15791.2,3766.1,7749.1,28068.4,21499.9
1410.8,3781.2,21506.3,15769.3,3764.8,7748,28107.5,21540.5
1397.5,3770.4,21473.8,15763,3760.9,7753,28127.2,21569.4
1397.5,3770.4,21473.8,15763,3760.9,7753,28127.2,21569.4
1361.8,3734.7,21177.7,15679.6,3769.2,7769.1,28228.7,21717.9
1347.7,3720.8,21073.5,15598.8,3776.3,7769.6,28284.4,21722.4
1347.7,3720.8,21073.5,15598.8,3776.3,7769.6,28284.4,21722.4
1334,3706.9,21008.3,15538.7,3782.2,7762.3,28287.7,21719
1326.1,3690.8,20920.3,15461.8,3792.7,7745,28147,21599.1
1330.3,3697,20904.4,15447,3793.6,7739.8,28060.4,21524.5
1330.3,3697,20904.4,15447,3793.6,7739.8,28060.4,21524.5
1331.6,3703.5,20922.2,15458.5,3779.6,7739.6,27921.1,21409.3
1332.5,3705.5,20990,15504.8,3784.6,7750.7,27873.8,21370.4
1332.5,3705.5,20990,15504.8,3784.6,7750.7,27873.8,21370.4
1342.7,3719.9,21261.9,15698,3796.5,7774.9,27755.3,21309.7
1352.9,3733.8,21589.7,15821.7,3807.7,7831.8,27638,21248.1
1352.9,3733.8,21589.7,15821.7,3807.7,7831.8,27638,21248.1
1360.1,3742.3,21762.5,15950.3,3820.8,7849,27533.7,21192
1365.9,3751.2,21940.5,16076.9,3822.4,7854.7,27431.4,21136.9
1372,3758.2,22119.9,16223.2,3816.5,7854.4,27335.3,21070
1378.4,3760.3,22300.5,16368,3810.3,7851.7,27269.4,21028
1387.5,3768,22461.2,16503.9,3804.8,7854.7,27213.8,20992.7
1398.9,3776.9,22601.7,16626.8,3803.3,7861.6,27189.1,20978.8
1403.2,3784.5,22739.1,16740,3794.3,7866.1,27181,20966.9
1407.5,3793.1,23021,17106.5,3784,7858.5,27156.6,20937.8
1407.5,3793.1,23021,17106.5,3784,7858.5,27156.6,20937.8
1409.8,3798.8,23141.6,17214.9,3780.4,7856,27123.7,20909.6
1409.8,3798.8,23141.6,17214.9,3780.4,7856,27123.7,20909.6
1409.7,3800.8,23241,17307.5,3778.8,7851.4,27063.8,20880.5
1415.6,3814.5,23473.2,17459.3,3774.7,7816.2,26942.4,20788.6
1415.6,3814.5,23473.2,17459.3,3774.7,7816.2,26942.4,20788.6
1422.1,3828.4,23676,17630.6,3749.9,7676,26838.8,20649.5
1421.3,3830.3,23805.6,17738.3,3726,7627.6,26790.7,20565.4
1421.3,3840.3,23948.3,17860.3,3700.9,7587,26715.3,20455.3
1423.4,3859.2,24101.6,17983.8,3685.8,7547.5,26601.6,20315.3
1434.5,3882,24249.8,18107.6,3663.8,7507.6,26458.9,20151.1
1451.9,3908.2,24397.7,18221.1,3657.1,7472,26287.7,19968.2
1451.9,3908.2,24397.7,18221.1,3657.1,7472,26287.7,19968.2
1473.6,3934.9,24549.6,18334.1,3647.6,7396.3,26076.6,19759.4
1495.6,3962.1,24712.2,18458.6,3639.7,7369,25835.7,19531
1516.5,3987.1,24871.9,18583,3638.1,7349.4,25584.1,19294.6
1538.6,4015.6,25016.3,18692.3,3636.7,7332.5,25335.7,19064.6
1590.8,4078.5,25390,18891.7,3629,7308.1,24901.9,18501.9
1590.8,4078.5,25390,18891.7,3629,7308.1,24901.9,18501.9
1631.1,4124.4,25568.2,19056.9,3615.5,7290,24574,18245
1649.8,4145.5,25627.8,19116.5,3610.8,7276.7,24442.9,18144.6
1667.3,4163.7,25669.1,19159,3599.9,7269,24331.7,18067.9
1679.9,4176.5,25691.5,19191.9,3594.3,7263.7,24201.8,18020.6
1679.9,4176.5,25691.5,19191.9,3594.3,7263.7,24201.8,18020.6
1696.6,4212.4,25693.3,19210,3594.9,7274.9,24130.9,17977.6
1705.4,4224.2,25683.4,19209.6,3600.4,7287.4,24110.4,17970.4
1705.4,4224.2,25683.4,19209.6,3600.4,7287.4,24110.4,17970.4
1718.7,4244.1,25640.2,19185.7,3615.5,7330,24086.9,17972.5
1732.3,4252.8,25617.7,19168.1,3624,7348,24075.7,17977
1732.3,4252.8,25617.7,19168.1,3624,7348,24075.7,17977
1741.9,4272.6,25552.7,19115.5,3643.1,7381.4,24095.2,18014
1743,4279.5,25538.6,19105.8,3647.8,7395.3,24116.7,18040.4
1739.9,4282.2,25521.8,19093.4,3655.2,7403.8,24135.1,18059.6
1739.9,4282.2,25521.8,19093.4,3655.2,7403.8,24135.1,18059.6
1729.6,4281,25483.9,19071.5,3666.2,7425.9,24171,18093.7
1725.1,4282.9,25461.3,19057.8,3670.3,7427.8,24191.9,18105.1
1725.1,4282.9,25461.3,19057.8,3670.3,7427.8,24191.9,18105.1
1717.3,4284.1,25408.8,19025.3,3676.5,7434.8,24222.1,18132.4
1717.3,4284.1,25408.8,19025.3,3676.5,7434.8,24222.1,18132.4
1712.8,4286.3,25375.2,19004.5,3680.3,7434.8,24249.7,18154.9
1707.4,4287.7,25307,18956.7,3679.6,7426.9,24313.9,18197.4
1700.9,4282.9,25239,18934.2,3673.6,7396.4,24407.8,18223.2
1700.9,4282.9,25239,18934.2,3673.6,7396.4,24407.8,18223.2
1692.4,4274.4,25209.2,18913.2,3663.3,7373.1,24458.7,18247.6
1673.7,4248.3,25150.7,18878.3,3616.4,7313.6,24565.5,18287.3
1673.7,4248.3,25150.7,18878.3,3616.4,7313.6,24565.5,18287.3
1661.7,4233.8,25126,18863,3594.9,7277.1,24638.2,18317
1646.8,4218.7,25106.7,18856.9,3571.1,7237.6,24724,18354.8
1631.6,4203.6,25088.5,18850.3,3548.3,7201.5,24816,18400.2
1616.7,4188.9,25073.9,18844.5,3529.6,7144,24911.4,18451.5
1594.2,4165.2,25051.5,18835.6,3495.3,7098.3,25087.4,18560.8
1594.2,4165.2,25051.5,18835.6,3495.3,7098.3,25087.4,18560.8
1587.1,4158.3,25047,18831.2,3479.7,7076,25154.1,18604.8
1583.8,4153.8,25047,18827.2,3465,7053.6,25197.9,18643.2
1580.6,4149.2,25049.2,18825.5,3450.9,7029.8,25228.9,18645.8
1578.5,4144.7,25075.8,18830.8,3435.7,7008.4,25249.4,18645.8
1577.1,4141.9,25094.3,18842.1,3413.7,6978.2,25263.5,18644.7
1577.1,4141.2,25111.9,18853.9,3407.8,6967.6,25269.7,18638.5
1576.1,4138.8,25132.3,18866.4,3402.3,6956.4,25272.2,18630.6
1573.9,4135.3,25150.3,18893.2,3397.2,6946.6,25275.9,18622.2
1573.3,4131.3,25168,18902.6,3395.9,6939.6,25275,18613.4
1575.1,4127.8,25186.4,18915.7,3395.9,6936.5,25274.6,18606.7
1577,4128.9,25202.6,18928.5,3392.7,6931.7,25277.7,18600.1
1578.8,4125.8,25225.1,18942.2,3390,6922.4,25296.5,18604
1578.9,4122.6,25245.4,18952.5,3389.4,6915.4,25312,18619.8
1578.9,4116.6,25267.5,18965.6,3389,6906.6,25331.7,18629.8
1577,4108.3,25286.5,18973.9,3386.8,6899.9,25354.9,18639
1572.3,4100.8,25289.8,18971.4,3380.3,6896.9,25392,18657.1
1570.3,4097.7,25269.2,18954.2,3378.9,6896.5,25449.2,18690.4
1568.8,4096.6,25224.8,18913,3378.2,6896.6,25521.1,18738.3
1565.7,4095.7,25153.5,18854.1,3379.4,6910.3,25611.1,18878.4
1560.3,4094.6,25055.7,18776.4,3383.5,6923.6,25705.7,18963.4
1552.9,4089.6,24932.8,18676.3,3389.6,6942.1,25810.7,19064.4
1545.2,4082.6,24799.3,18569,3397,6965.2,25932.7,19180.5
1545.2,4082.6,24799.3,18569,3397,6965.2,25932.7,19180.5
1522.1,4069.1,24517.5,18345.5,3419.2,7024.2,26200.6,19430.4
1513.2,4067.1,24386.2,18244.9,3433.1,7051.1,26316.5,19531.6
1505.3,4061.6,24282.8,18164.4,3442.7,7088.1,26405.8,19609.9
1483.7,4050.7,24193.7,18102.9,3451.7,7106,26474.3,19675.7
1475.1,4035.7,24103.8,18039.8,3480.1,7119.3,26534.2,19722.6
1472.3,4023.2,23959.4,17977.2,3488.4,7127.6,26590.9,19747.1
1471.9,4026.9,23902.1,17926.7,3494.4,7133.1,26597.9,19756.2
1473.2,4034.4,23849.5,17872.4,3503.2,7137.2,26597.9,19756.2
1473.2,4034.4,23849.5,17872.4,3503.2,7137.2,26597.9,19756.2
1478.1,4046.2,23817.5,17815.7,3514.3,7141.7,26591.7,19752
1486.4,4059,23781.9,17766.1,3537.7,7157.8,26545.3,19720.7
1484.8,4055.7,23785.9,17753.7,3549.2,7157.9,26507.4,19701.5
1484.8,4055.7,23785.9,17753.7,3549.2,7157.9,26507.4,19701.5
1480.2,4045.2,23878,17857.7,3560.4,7130.4,26405.9,19562.4
1480.6,4045.8,23950.3,17926.8,3560.5,7112.5,26326.7,19489
1480.6,4045.8,23950.3,17926.8,3560.5,7112.5,26326.7,19489
1482.2,4045.9,24103,18070.8,3556.4,7072.6,26165.6,19358.6
1482.2,4045.9,24103,18070.8,3556.4,7072.6,26165.6,19358.6
1479.6,4041.6,24177.9,18140.3,3554.5,7065.1,26122.2,19330.8
1475.9,4034.2,24276.9,18194.7,3552,7055.8,26117.5,19328.4
1472.6,4028.6,24316.3,18242.1,3546.4,7044.8,26117.5,19328.4
1470.8,4027.6,24349.1,18283.2,3539.8,7036.1,26136.2,19336.2
1469.8,4030.1,24371.3,18318.9,3535.4,7032.6,26152,19343.4
1454.2,4007.7,24367.5,18362.1,3535.7,7027.5,26220.2,19390.5
1454.2,4007.7,24367.5,18362.1,3535.7,7027.5,26220.2,19390.5
1441.7,3995.6,24373.7,18382,3534.2,7020.7,26244.7,19419.8
1414.4,3967.7,24420.2,18460.9,3517.5,6997,26268.6,19453.3
1414.4,3967.7,24420.2,18460.9,3517.5,6997,26268.6,19453.3
1401.8,3955.7,24456.2,18508.7,3510.3,6984,26280.9,19458.9
1392.5,3943.5,24496.7,18555.8,3502.8,6972.3,26296.9,19461.8
1386.4,3934.6,24538.3,18593.5,3497.4,6963.9,26320,19466.7
1382.6,3926.1,24641.9,18634.3,3493.3,6939.3,26351.4,19478.2
1380.1,3916.6,24706.9,18681.1,3488.2,6925.6,26387.7,19502.9
1378.1,3906.8,24766,18730.4,3482.9,6914.3,26419.6,19517.5
1376.5,3899.6,24832.5,18773.3,3478.5,6908.4,26437.8,19527.8
1375.3,3894.3,24896.2,18821.9,3476.9,6902,26463.7,19522.6
1377.9,3892.8,24960,18869.4,3475.5,6898.2,26453.7,19505.9
1384.1,3895.6,25038.2,18918.3,3475.2,6892.1,26438.4,19474.5
1398.2,3904.5,25096.5,18952.4,3475.8,6880.6,26398.9,19429.5
1412.2,3912,25131,18961.4,3480.3,6878.8,26372.8,19398.9
1424.7,3920,25156.9,18957.4,3483.5,6878.8,26352.4,19362.6
1440.4,3931.7,25168,18956.4,3487.2,6879.6,26310.6,19315.6
1440.4,3931.7,25168,18956.4,3487.2,6879.6,26310.6,19315.6
1472.5,3975.7,25154.1,18873.2,3497.9,6888.7,26228.2,19248.5
1484.8,3986.1,25072.8,18817,3504.1,6897.7,26236.7,19245.8
1493.9,3994.9,25019.3,18760.6,3511.1,6926,26251,19256.4
1500.5,4002.7,24962.5,18709.3,3519.7,6939.4,26264.3,19270.9
1505.3,4008.5,24900,18654.3,3527.2,6951,26272.9,19282.4
1509.5,4012.3,24841.7,18599.8,3534.8,6960.3,26281,19288.7
1513.5,4016.7,24798.4,18560,3542,6964.1,26277.5,19289.8
1516.7,4022.3,24758.2,18521.8,3549,6961.2,26262.1,19250.1
1519.8,4026.7,24699.6,18463.2,3554.1,6962.2,26244,19228.1
1522.7,4027.6,24625.2,18396.2,3560.6,6968.2,26229,19211.7
1522.7,4027.6,24625.2,18396.2,3560.6,6968.2,26229,19211.7
1520.8,4028.4,24495.4,18287.9,3568.8,6979.4,26221.7,19207.3
1514.1,4025.4,24474.6,18271.6,3570,6976.4,26225.2,19210.7
1514.1,4025.4,24474.6,18271.6,3570,6976.4,26225.2,19210.7
1496.9,4012.8,24404,18244.4,3569.9,6970.4,26251.8,19258.6
1482.8,3998.8,24387,18229.1,3570.6,6968.4,26301.6,19306.8
1482.8,3998.8,24387,18229.1,3570.6,6968.4,26301.6,19306.8
1469,3983.4,24379,18228.3,3571.1,6965.3,26359.3,19364.8
1448.7,3942.9,24374.2,18232.5,3578.3,6958.3,26488.4,19468.5
1442.8,3930.8,24374.7,18232.6,3585.1,6957.9,26547.6,19493.8
1442.8,3930.8,24374.7,18232.6,3585.1,6957.9,26547.6,19493.8
1436.5,3913.6,24350.3,18216.5,3595.7,6956.9,26593.9,19511.5
1436.5,3913.6,24350.3,18216.5,3595.7,6956.9,26593.9,19511.5
1432.2,3904.4,24318.7,18194.5,3596.7,6957.9,26621.2,19529.8
1424.3,3889.6,24225.6,18122.9,3600.3,6962.8,26693.9,19583.4
1424.3,3889.6,24225.6,18122.9,3600.3,6962.8,26693.9,19583.4
1422.5,3886.8,24190.4,18078,3600.1,6959.6,26718,19622
1421.5,3883.3,24141,18047.6,3596.9,6957.2,26734.3,19635.4
1415.5,3871.5,24052.9,17987.4,3594.8,6956.5,26858.1,19730.3
1415.5,3871.5,24052.9,17987.4,3594.8,6956.5,26858.1,19730.3
1410.3,3864.9,24027.3,17937.4,3595.8,6959.4,26925.3,19775.2
1406.1,3859.4,24005.6,17873.2,3600.5,6961.6,26966.4,19801.3
1405.1,3857.6,23987.1,17847.8,3605.5,6968.8,26982.8,19813.4
1408.7,3859.3,23963.9,17820.1,3612.7,6973.5,26991.1,19818.5
1414.3,3865.1,23892.3,17743,3615.4,6976.5,26999.6,19818.5
1414.3,3865.1,23892.3,17743,3615.4,6976.5,26999.6,19818.5
1418.1,3872.1,23845.6,17704.7,3614.7,6979.3,26980.1,19816.8
1420.4,3887,23783,17646.1,3614.7,6994.5,26992.9,19837.8
1421.8,3894.3,23704.8,17579.2,3617.6,7015.3,27021.3,19883.1
