Time,L1,L2,L3,L4,R1,R2,R3,R4
0.00,20375.2,18469.4,10643.9,13779.3,16598.2,22717.8,14933.7,8236.9
0.11,20609.9,19188.1,10583,13779.3,17016.5,22915.7,14307.6,7736.5
0.21,20987.9,20535.7,10583,13962.5,17156.1,22915.7,12802.5,7209.1
0.30,21457.2,21223.3,11110.5,14647.5,17060.5,21851.5,11669.3,6503.7
0.40,21934.9,21803.9,11800.1,15332.7,16769.6,21214,10770.4,5103.9
0.51,22714.9,22084.8,12441.8,15957,16428.8,20790.7,10130,4612.5
0.62,22714.3,22084.8,13437.6,16550.4,16076.7,20696.7,9733,4427.5
0.72,22582.6,21999.9,14260.1,17408.8,15579.7,20677.4,9366.2,4247
0.80,22284.1,21632.4,15261.8,18446.5,14948.9,20274.3,8804,3887.8
0.91,21986.7,21225.1,16597.1,20026.7,14146.2,18382,8126.9,3532.3
1.02,21656.2,20782.2,18023,22023.7,13183.6,17380.6,7643.3,3331.2
1.13,21186.6,20235.7,18991.1,23600.6,12282.5,16575.7,7800.8,3534.7
1.20,20647.7,19637.9,19519.4,24530.9,10524.4,15784.5,8032.1,3872.7
1.31,20099.3,18990.1,19889.2,25146.7,9618.2,14874.7,8777.3,4458.4
1.44,19673.6,18285.6,20217.1,25558.1,8670.8,13806.4,9880.2,5243.2
1.50,19528.8,17642.7,20537.7,25748.3,7759.5,12871.8,11124.3,6059.9
1.61,19655.3,17110.2,20542.5,25802.2,7092.8,12036,12442.1,6913.9
1.77,19823.7,16381,19801.5,25451.9,6808,12312.8,14749.6,7748.7
1.81,19823.7,16381,19801.5,25451.9,6808,12312.8,14749.6,7748.7
1.94,19745.2,15954.4,17215.2,23132.3,6850.1,13771,17368.8,10652.9
2.01,19450.2,15692.2,16012.3,21907.4,7080.6,14365.1,18626.2,11531.7
2.17,19052.3,15612.9,14985.2,20865,7370.9,14685.6,19667.1,12341.2
2.22,18885,15580.9,14221.5,20009.4,7716.1,14582.9,20461,12963.9
2.33,18821,15764.7,13587.3,19289.3,7936.6,14795,21054.3,13274.2
2.44,18997.7,16148.8,12688.6,18405.5,8333.7,15571.2,21639.2,13575.5
2.51,18997.7,16148.8,12688.6,18405.5,8333.7,15571.2,21639.2,13575.5
2.61,19576.5,16902.4,9933.4,15079.3,9235.4,16870.5,23216.8,14657
2.75,19754.3,17233,9000.2,13660.1,9652.9,17334.7,23428.2,14842.6
2.81,19754.3,17233,9000.2,13660.1,9652.9,17334.7,23428.2,14842.6
2.91,20086.4,18057.9,8078.8,12455.8,10486.1,18769.4,23055.2,14625.6
3.06,20383.2,18559.2,8014.1,12235.9,10984.3,19225.5,22275.7,14110.4
3.10,20383.2,18559.2,8014.1,12235.9,10984.3,19225.5,22275.7,14110.4
3.23,20594.2,18955.1,8078.5,12180.7,11476.5,19577.2,20082.9,13421.7
3.33,20641.3,19315.4,8772.1,12743.6,12246.1,19853,18386.2,11948.6
3.40,20641.3,19315.4,8772.1,12743.6,12246.1,19853,18386.2,11948.6
3.50,20574.3,19312.8,9157.8,13354.9,12321.1,19895.9,17869.2,11034.9
3.64,20385.8,19193.4,9697.4,14388.5,12433.6,19899.2,17122.6,10438.2
3.70,20385.8,19193.4,9697.4,14388.5,12433.6,19899.2,17122.6,10438.2
3.81,20404.1,19181.6,9870.1,14702.6,12515,19932.8,16858.4,10211
3.91,20445.5,19180.3,9987.8,14906.8,12611.9,19983.8,16636.4,10027.7
4.01,20473.8,19171.4,10188.3,15181.7,12697.5,20032,16467,9893.2
4.10,20478.2,19143.1,10260.8,15286,12765.5,20070.1,16354.4,9805.2
4.21,20461.4,19096.6,10316.3,15365.5,12820.3,20110,16279.3,9738
4.30,20437.2,19045.8,10365.6,15419.8,12906.3,20121.5,16201.4,9676.3
4.40,20424.7,18998.1,10421.4,15469.9,12951.4,20114.2,16131.2,9619.5
4.51,20424.7,18970.4,10483.2,15522.3,12984,20080.9,16068,9556.7
4.62,20432.8,18959.9,10555.2,15584.4,12993.3,20031.2,15995.3,9483.5
4.75,20455.1,18959.9,10631.5,15662.2,12987.3,20000.3,15847.7,9404.1
4.82,20483.9,18971.6,10687.2,15724.9,12987.3,20000.3,15775.2,9327.8
4.92,20518.6,18993.4,10717.5,15757.2,13004,20039.9,15691.6,9253
5.02,20557.4,19027.2,10724.9,15761.7,13049.7,20097,15590.9,9093.6
5.10,20600.4,19077.9,10720.2,15767.4,13120.5,20171.8,15472.4,9012.9
5.21,20647,19134.2,10691.9,15742.6,13210.2,20247.2,15353.1,8940
5.30,20681.2,19183.1,10650.6,15692.2,13383.6,20321.4,15256,8884.9
5.42,20705,19237.2,10606.6,15631.4,13475.1,20394.3,15177.6,8840.2
5.50,20733.2,19292.2,10556.6,15565.7,13572.5,20569.4,15086.8,8788.6
5.61,20759.9,19352.8,10494.5,15489.7,13684.7,20675.8,14995.8,8735.8
5.72,20792.2,19430.9,10420.4,15396.3,13812.3,20787.5,14885,8670.5
5.80,20836.1,19524.5,10344.4,15282.9,13946.7,20899.1,14754.5,8592.8
5.92,20884.8,19619.6,10270.7,15168.3,14081.6,21006.9,14613.4,8505.2
6.04,20930.8,19712.4,10199.2,15057.6,14213.3,21111.9,14473,8416.3
6.12,20930.8,19712.4,10199.2,15057.6,14213.3,21111.9,14473,8416.3
6.21,21012.7,19871.6,10052.3,14821.6,14458,21371.1,14092.8,8240.2
6.34,21050.2,20015.8,10020.6,14767.9,14679.3,21434,13970.8,8150.8
6.40,21050.2,20015.8,10020.6,14767.9,14679.3,21434,13970.8,8150.8
6.50,21088.3,20079.7,10000.8,14729.6,14771.1,21484.2,13856,8056.3
6.61,21163.9,20179.1,9986.1,14689.5,14918.5,21549.9,13672,7789.2
6.71,21163.9,20179.1,9986.1,14689.5,14918.5,21549.9,13672,7789.2
6.80,21196.7,20206.9,9987.8,14686.1,14973.9,21565,13605.5,7720.2
6.91,21231.4,20216.7,10002.1,14697.4,15031.1,21545.2,13533.6,7621.2
7.00,21231.4,20216.7,10002.1,14697.4,15031.1,21545.2,13533.6,7621.2
7.11,21230,20206.7,10027.9,14726,15032.7,21508.7,13526.8,7589.4
7.21,21215.2,20176.2,10069.7,14777.7,15032.7,21454.5,13526.8,7567.6
7.30,21215.2,20176.2,10069.7,14777.7,15032.7,21454.5,13526.8,7567.6
7.41,21153.6,20051,10296.7,14948.2,14928.4,21299.8,13566.1,7561.2
7.50,21103.1,19942.8,10413,15073.6,14847.8,21192.1,13623.7,7573.6
7.60,21041.6,19809.4,10536.6,15222.4,14756.2,20948.9,13706.3,7602.9
7.70,20981.5,19669.7,10650.3,15372,14669.2,20846.3,13801.8,7640.6
7.80,20928.1,19545.2,10743.5,15502,14599.7,20767.3,13960.6,7673
7.91,20881.2,19349,10812.6,15602.2,14548.7,20714.3,14021.2,7702.2
8.00,20835.8,19271.1,10860.4,15676.4,14514.9,20687.2,14076.5,7731.1
8.11,20788.5,19209.5,10886,15727.5,14502.7,20683.3,14120.5,7798.3
8.20,20739.1,19167.9,10889.4,15751.7,14502.7,20701,14157.5,7834.8
8.31,20739.1,19167.9,10889.4,15751.7,14502.7,20701,14157.5,7834.8
8.41,20665.6,19148.8,10825.5,15747.5,14565,20802.6,14188.4,7889.3
8.52,20648.7,19152.1,10777.5,15664.7,14612,20868.9,14188.4,7901.7
8.62,20641.7,19165.4,10736.2,15621.3,14645.2,20921,14186,7912.5
8.72,20641.7,19188.3,10693.7,15572.3,14670,20957,14185.1,7920.8
8.80,20649.3,19227.2,10639.2,15497.1,14717.3,21065.5,14166.7,7920.8
8.92,20675.2,19291.4,10557.6,15387,14795.1,21163.6,14139,7907.4
9.04,20724.3,19401.1,10448.2,15259.5,14893.4,21277.9,14061.7,7854.6
9.11,20800,19564.9,10322.2,15091.5,15032.9,21388.8,13936,7764.4
9.21,20894.3,19766.5,10184,14896,15195.2,21490.9,13612.2,7646.9
9.34,20997.1,19974.2,10051.1,14705.7,15356.9,21580.2,13457.3,7522
9.40,20997.1,19974.2,10051.1,14705.7,15356.9,21580.2,13457.3,7522
9.52,21183.8,20487.7,9735.5,14375.8,15779.2,21809.5,13192.9,7285.2
9.66,21254.1,20598.5,9672.6,14261.8,15887,21862,13097.9,7111.2
9.71,21254.1,20598.5,9672.6,14261.8,15887,21862,13097.9,7111.2
9.81,21348.3,20734.9,9601.6,14129.2,16033.5,21924,12957.4,6992.5
9.91,21348.3,20734.9,9601.6,14129.2,16033.5,21924,12957.4,6992.5
10.00,21348.3,20734.9,9601.6,14129.2,16033.5,21924,12957.4,6992.5
10.11,21472.4,20836.1,9580.2,14051.5,16149,21951,12799.7,6846.4
10.24,21573.3,20969.7,9551.4,13997.7,16284,22091.7,12619.6,6679.1
10.31,21573.3,20969.7,9551.4,13997.7,16284,22091.7,12619.6,6679.1
10.41,21605.6,21024.1,9519.7,13962.2,16380.7,22128.2,12530.5,6597
10.51,21620,21048,9489.8,13896.4,16500.5,22139.4,12454.6,6537.2
10.60,21620,21048,9489.8,13896.4,16500.5,22139.4,12454.6,6537.2
10.70,21597.7,21030.4,9512,13896.4,16493,22131.8,12454.6,6537.9
10.81,21548.6,20968.2,9557.2,13976.4,16444.4,22110.2,12568.5,6569.3
10.90,21478.6,20865.7,9622.9,14072.2,16364.4,22007.4,12672.9,6634.9
11.02,21399.9,20576.1,9712.9,14194.3,16261.2,21923.4,12794,6720.6
11.12,21312.4,20400.1,9823.9,14338.5,16137.9,21836.1,12930.4,6813.6
11.20,21224.5,20233.8,9930.7,14485.4,16018,21754.7,13059.3,7007.1
11.31,21142.6,20090.6,10022.2,14612.8,15913.5,21681.6,13177.8,7095.4
11.40,21063.9,19960.4,10098.7,14721,15813.7,21619.5,13284.3,7172
11.52,20995.8,19854.3,10166,14819.2,15653.8,21499,13376.6,7237.2
11.62,20938.1,19758.1,10225.6,14904.5,15572,21431.3,13465.5,7298.1
11.70,20885.4,19657.3,10285.7,14987.6,15480.8,21359.6,13560.1,7368.2
11.80,20824.9,19542.4,10422.2,15078.3,15381.9,21293.6,13669.8,7451.9
11.92,20753.1,19416.1,10489.5,15180.9,15281.1,21236.9,13789.4,7543.1
12.05,20674.2,19295.7,10552.5,15285.1,15190,21186.6,13899.4,7630
12.11,20600.9,19186.4,10612.8,15384.9,15105.1,21139.9,14000.3,7710.3
12.27,20534.1,19082.1,10672.8,15478.9,15032.6,21058.5,14097.4,7785.2
12.33,20473.4,18984.1,10725.1,15562.6,14969.4,21031.9,14252.7,7849.8
12.40,20420.4,18906.5,10764.5,15639.3,14920.2,21005.3,14294.3,7897.5
12.51,20379,18848.6,10786,15698.6,14871.5,20990.5,14309.9,7923.6
12.62,20348.6,18848.6,10801.4,15733,14862.4,20986,14309.9,7935.2
12.72,20348.6,18848.6,10801.4,15733,14862.4,20986,14309.9,7935.2
12.80,20335.2,18891.3,10768.6,15755.7,14877.2,21006.1,14288,7918.6
12.92,20336.3,18935.2,10753.8,15741.1,14894.9,21010.4,14250.9,7889.8
13.01,20336.3,18935.2,10753.8,15741.1,14894.9,21010.4,14250.9,7889.8
13.12,20370.5,19019.6,10735.9,15690.3,14936.3,21025.8,14169.9,7827.4
13.24,20410.2,19057.4,10725.3,15674.8,14965,21042.8,14126.1,7790.6
13.31,20410.2,19057.4,10725.3,15674.8,14965,21042.8,14126.1,7790.6
13.41,20434.3,19104.1,10709.9,15652.4,15002,21065.9,14068.1,7744.8
13.51,20472.5,19195.4,10668.7,15596.3,15128.6,21150.6,13948.8,7662.6
13.61,20472.5,19195.4,10668.7,15596.3,15128.6,21150.6,13948.8,7662.6
13.71,20489,19235.1,10647.5,15571.5,15169.5,21186.7,13897.2,7629.4
13.82,20532,19331.5,10592.3,15506.3,15278.9,21300.5,13698.7,7549.4
13.91,20532,19331.5,10592.3,15506.3,15278.9,21300.5,13698.7,7549.4
14.00,20560.6,19467.1,10501.2,15455.9,15354.8,21373.1,13607.9,7495.2
14.11,20587.4,19522.8,10455.7,15393.5,15426.1,21441.8,13535,7443.8
14.20,20607.3,19563.1,10416.4,15334.7,15484.9,21547.8,13482.5,7383.3
14.30,20619,19590.2,10385.1,15286.3,15528.8,21579.6,13446.1,7369.9
14.42,20620.6,19603.4,10364,15249.9,15556.6,21601,13425.5,7367.8
14.50,20620.6,19603.9,10351.5,15230.1,15569.3,21614.6,13422.3,7367.8
14.60,20613,19603.9,10346.7,15223.1,15569.3,21623.2,13422.3,7377
14.72,20599.3,19594.4,10346.2,15223.1,15563.5,21626.5,13431.3,7394.4
15.07,20535,19526.9,10360,15248.9,15515.7,21601.5,13479.1,7455.3
15.94,20385,19266,10626.6,15622.8,15269.7,21322.5,13670.8,7547
16.89,20356.1,19198,10780.5,15787.8,15258.8,21204.4,13655,7467.8
18.03,19934.7,18457.3,11129.1,16321.1,14790.8,20844.7,14290,7966.4
18.14,19856.5,18337.2,11177.6,16395.8,14728.7,20800.4,14401.1,8049.7
18.20,19823.5,18289.5,11198.8,16429.8,14704.2,20776.6,14445.8,8082.4
18.30,19797.2,18254,11212.7,16453.5,14692.4,20775.8,14480.6,8106
18.41,19778.4,18230.8,11220,16466.4,14692.4,20775.8,14504.3,8117.6
18.50,19764.7,18214.4,11228.4,16474.5,14693,20781,14504.3,8121
18.61,19754.8,18191.6,11236.1,16483.7,14715.4,20791.4,14502.2,8121
18.70,19743.2,18174.8,11247.2,16503.5,14737.4,20807,14490.8,8118.4
18.80,19730.8,18163.4,11255.2,16525.9,14760.4,20839,14472.5,8091
18.90,19719.2,18160.9,11262.1,16544.5,14780.9,20845.9,14448.2,8069.1
19.01,19708.4,18160.2,11264.2,16556.7,14801.2,20845.9,14414.5,8043
19.11,19702.5,18161.8,11277.7,16578,14816.5,20843.3,14376.8,8009.9
19.21,19691.8,18168.7,11296.9,16614.4,14826,20838.5,14344.6,7981.4
19.32,19684,18184.5,11308.4,16634.4,14838.3,20839.5,14318,7954.5
19.41,19681.9,18204.8,11309.5,16638.3,14856.6,20849.3,14288.2,7926.2
19.52,19684.8,18222.4,11301.9,16625.5,14880.5,20882.3,14252,7898.9
19.60,19684.8,18222.4,11301.9,16625.5,14880.5,20882.3,14252,7898.9
19.71,19684.2,18268.6,11265.3,16601.4,14993.8,20951.9,14176,7854.1
19.82,19673.2,18286.4,11241.5,16582.7,15039.9,20995.8,14138.5,7836.5
19.91,19673.2,18286.4,11241.5,16582.7,15039.9,20995.8,14138.5,7836.5
20.01,19648.3,18316,11192.4,16517.4,15128.5,21087.3,14038.5,7811
20.13,19637.7,18346.2,11163.4,16489.5,15172,21187.2,14011.6,7801.9
20.21,19637.7,18346.2,11163.4,16489.5,15172,21187.2,14011.6,7801.9
20.31,19625.4,18357.9,11132.8,16462.1,15211,21233,13994.9,7798.8
20.42,19597.6,18383.2,11069.1,16408.3,15259.3,21314.5,13993,7814.8
20.51,19597.6,18383.2,11069.1,16408.3,15259.3,21314.5,13993,7814.8
20.61,19583.3,18387.6,11040.9,16388.5,15276.5,21348.3,13996,7827.3
20.72,19543.4,18371.6,10997.7,16395.8,15274,21362.1,14033.6,7884.4
20.81,19543.4,18371.6,10997.7,16395.8,15274,21362.1,14033.6,7884.4
20.91,19527.8,18360.4,10993.7,16382,15252.1,21338.8,14089.7,7930.4
21.01,19526.4,18355.9,10985.9,16366.5,15229.5,21306.2,14136,7962.9
21.11,19530.9,18352.2,10989.4,16345.1,15200.1,21267.2,14171.6,7986.5
21.20,19535.3,18341.9,11006.1,16339.2,15161.5,21219.7,14207.1,8010.3
21.31,19531.2,18318,11034.5,16356.6,15109.5,21163.4,14254.8,8040.1
21.41,19519.8,18286.5,11067.1,16389.9,15051.4,21102.4,14310.6,8071.3
21.50,19511.6,18257.9,11100.4,16426.2,14993.1,20980.2,14422.5,8101.1
21.61,19507.3,18232.6,11131.1,16461.6,14934.2,20917.3,14478.3,8131.8
21.70,19502.7,18176.6,11161.9,16494.4,14812.4,20855.3,14535.6,8162
21.80,19493.9,18141.5,11233.3,16531.9,14751.4,20797.3,14597.1,8193.5
21.90,19480.5,18107.1,11266.1,16578,14695.4,20746,14658.3,8260.4
22.00,19463.7,18073.6,11292.5,16622.1,14644,20700.2,14715.2,8289
22.11,19445.9,18039,11313,16659.3,14595.3,20641.9,14769.5,8322.7
22.20,19424.6,18001,11328.6,16727.7,14561.4,20620.4,14822.3,8364.1
22.31,19398.6,17966.7,11346.5,16762.6,14534.8,20611.8,14877.7,8402.5
22.41,19377.2,17944.5,11351.8,16780.9,14515.7,20611.8,14916.7,8429
22.51,19362.8,17930.2,11351.4,16772.7,14507.8,20613.4,14938.5,8448
22.60,19358,17915.1,11347.5,16764.8,14505.2,20615,14946.3,8463.8
22.71,19349.2,17887.8,11349,16765.9,14484.9,20613.9,14964.5,8490.8
22.82,19292.2,17846.3,11353.6,16777.9,14466.6,20608.3,14999.4,8528.7
22.90,19250.3,17797.6,11364.4,16796.3,14449.6,20605.4,15083.4,8567.5
23.00,19209.6,17750.2,11371.5,16816.6,14430.8,20597.6,15127.1,8604.1
23.14,19170.5,17703,11380,16836.6,14408.9,20587.5,15169.3,8642.7
23.21,19170.5,17703,11380,16836.6,14408.9,20587.5,15169.3,8642.7
23.30,19102.6,17583,11401.9,16882.8,14373.1,20572.3,15240,8710.3
23.43,19079.8,17560.9,11411,16904.6,14362.3,20570,15258.2,8751.1
23.50,19079.8,17560.9,11411,16904.6,14362.3,20570,15258.2,8751.1
23.61,19065.9,17552.5,11417.1,16919.1,14361.9,20583,15258.8,8752.2
23.70,19065.9,17555.1,11417.1,16919,14392.3,20601.8,15245.8,8742.4
23.81,19065.9,17555.1,11417.1,16919,14392.3,20601.8,15245.8,8742.4
23.91,19069.6,17567.9,11413.3,16915.7,14422.7,20626,15215.7,8720.3
24.01,19108,17635.5,11341,16867.7,14517.4,20690.3,15120.9,8654.5
24.10,19108,17635.5,11341,16867.7,14517.4,20690.3,15120.9,8654.5
24.20,19143.1,17688.4,11303.7,16816.6,14584.3,20787.1,15049.5,8602.4
24.32,19187.8,17750.9,11260.2,16750.9,14669.4,20850.7,14963.6,8537.9
24.41,19238.7,17820,11211.8,16677.1,14762.8,20920.2,14868,8469.1
24.50,19294.1,17895.2,11162.1,16506.7,14861.1,20990.6,14658.9,8393.7
24.61,19357.3,17978.9,11109.4,16412.2,14962.7,21062.9,14542.7,8312
24.70,19431.3,18073.7,11051.7,16308.2,15071.8,21143.2,14417,8224.5
24.81,19511.3,18286.2,10988.9,16196.8,15312.4,21312,14282.3,8130.3
24.90,19589.7,18387,10922.6,16084.6,15429.1,21399.2,14157,8034.3
25.00,19659.1,18476.2,10854.5,15975.4,15538.8,21482.3,14044,7869.3
25.11,19717.9,18551.8,10787.1,15871.7,15635.6,21558.2,13950.6,7809.6
25.21,19770.1,18615.6,10670.8,15775.3,15721.7,21628.1,13873.6,7760.1
25.30,19818.8,18674.5,10620.3,15687.2,15800.8,21691.1,13803.9,7713
25.41,19865.8,18732.9,10572.3,15603.6,15873.7,21747.2,13738.3,7667.7
25.50,19913.2,18792.6,10526.6,15521.9,15942.1,21830.3,13673.7,7622.3
25.61,19962.6,18853.2,10483.2,15440.9,16002.4,21857.1,13609.8,7575.6
25.70,20009.4,18907.2,10447.1,15369.9,16050.4,21875.2,13555.7,7539.5
25.83,20049.4,18944.8,10422,15313.1,16094.9,21885.4,13523.4,7520.9
25.90,20079.5,18966.6,10406.8,15275.3,16102.1,21889.7,13511.6,7508.5
26.00,20113.3,18979.1,10397.3,15252.6,16100.7,21889.7,13505.7,7502.9
26.10,20122.9,18985.2,10393.8,15238.9,16094.7,21875.5,13517.7,7504.1
26.21,20126.4,18988.2,10393.8,15238.4,16077.9,21851.8,13538.7,7513.2
26.31,20122.6,18962.7,10414.1,15238.4,16047.8,21821.3,13568.8,7527.5
26.41,20117.7,18946.5,10427.2,15250.7,16018.3,21793.1,13601,7563.2
26.50,20117.7,18946.5,10427.2,15250.7,16018.3,21793.1,13601,7563.2
26.62,20105.4,18917.7,10450.3,15273.8,15971.5,21742.9,13648.9,7594.4
26.71,20096.3,18907.1,10464.9,15307.8,15944,21691.3,13674.4,7607.4
26.80,20096.3,18907.1,10464.9,15307.8,15944,21691.3,13674.4,7607.4
26.91,20086.9,18878.5,10495.7,15348.9,15863.8,21640.9,13733.2,7640.3
27.01,20069,18848.2,10515.9,15383.8,15826.9,21614,13774.2,7668.5
27.11,20069,18848.2,10515.9,15383.8,15826.9,21614,13774.2,7668.5
27.20,20042.3,18805.5,10540.6,15427.4,15780.2,21579.9,13820,7702.9
27.35,19963,18649.8,10629.7,15557.5,15640.9,21477,13963.5,7809.8
27.41,19963,18649.8,10629.7,15557.5,15640.9,21477,13963.5,7809.8
27.50,19935.7,18588,10697.8,15603.6,15579.5,21400.2,14096.2,7857.8
27.61,19906.2,18512.7,10735.6,15658.8,15486.6,21355.7,14192.6,7931.9
27.70,19906.2,18512.7,10735.6,15658.8,15486.6,21355.7,14192.6,7931.9
27.80,19894,18484,10747.8,15677.7,15448.4,21337.6,14238.9,7969.7
27.90,19876,18415,10758.5,15696.7,15367.2,21318.9,14295.6,8011.2
28.01,19852.9,18373.7,10769.4,15715.6,15323.2,21294.3,14356.3,8109
28.11,19828.5,18327.3,10783.4,15735.3,15269.9,21230.9,14422,8162.9
28.21,19803.3,18278.2,10802.4,15756.8,15210.9,21198.9,14496.2,8219.3
28.31,19777.4,18233.4,10822,15783,15156.6,21168.8,14564.2,8272.2
28.42,19751.4,18191.3,10839.6,15812.6,15105.8,21144.2,14627.4,8318.9
28.53,19726.1,18147.7,10881.2,15845.7,15061.2,21116.7,14681.7,8360.4
28.60,19693.3,18096.3,10908.7,15882.5,15014.7,21087,14736.7,8403.5
28.72,19666.7,18049.7,10933.3,15928.7,14967.2,21056.8,14796.3,8448.4
28.80,19639.2,17996.2,10959.7,15964.1,14920.9,21011.6,14855.6,8492.4
28.91,19604,17939.3,10988.6,16012.9,14833.1,20986.8,14910.9,8535.5
29.03,19571.1,17892.9,11025,16109.3,14789.5,20957.4,14967,8561.7
29.10,19549.2,17850.5,11070.1,16162.4,14739.1,20921.4,14992.5,8582.6
29.20,19508.2,17802.1,11118,16218.3,14689,20885.5,15020.8,8605.6
29.30,19485.8,17752.6,11162,16272.4,14644.2,20855.7,15043.3,8627.6
29.42,19459,17650.7,11207.4,16330.5,14607,20817,15060.8,8643.9
29.50,19435.1,17601.5,11252.5,16388,14575.4,20797.5,15075.4,8670.1
29.61,19435.1,17601.5,11252.5,16388,14575.4,20797.5,15075.4,8670.1
29.72,19387.8,17496,11388.6,16505.8,14496.5,20768.7,15108.4,8708.1
29.80,19364.5,17447.1,11431.2,16560.5,14463.7,20765.4,15114,8721.5
29.91,19339,17397.2,11471.7,16611.7,14436.4,20765.4,15108.2,8724.7
30.01,19313.6,17358.1,11502.4,16661.7,14436.4,20771,15087.5,8715.8
30.11,19313.6,17358.1,11502.4,16661.7,14436.4,20771,15087.5,8715.8
30.20,19290.6,17340.1,11522.9,16700.8,14477.8,20850.2,15017.4,8670.4
30.31,19290.4,17341.3,11522.9,16700.8,14514.6,20893.5,14961.3,8637.6
30.41,19290.4,17341.3,11522.9,16700.8,14514.6,20893.5,14961.3,8637.6
30.50,19306.9,17405.2,11475.1,16662.3,14608.4,20977.7,14808.3,8567.4
30.62,19308.2,17435.2,11445.9,16630.1,14630.1,21000.7,14808.3,8558.5
30.71,19308.2,17435.2,11445.9,16630.1,14630.1,21000.7,14808.3,8558.5
30.80,19308.2,17436.9,11429.8,16621.4,14631.4,21009.7,14813.2,8558.5
30.91,19254,17371.8,11440.9,16631.2,14588.8,20995.6,14881.1,8609.9
31.00,19254,17371.8,11440.9,16631.2,14588.8,20995.6,14881.1,8609.9
31.10,19209,17322.3,11459.1,16660.6,14560.7,20982.1,14923.8,8678.7
31.21,19159.9,17272.1,11482.4,16703.8,14531.2,20969.4,14966.3,8707
31.30,19118,17229.9,11509.8,16810.5,14509.1,20953.2,14999.2,8723.8
31.42,19082.7,17196.9,11535.6,16862.7,14493.6,20927.6,15023.5,8730.9
31.51,19050.3,17166.4,11563.1,16912,14475.2,20850.3,15046.8,8735.8
31.60,19018.4,17131.6,11595.7,16965.4,14447.3,20802.3,15077,8745.8
31.71,18984.8,17094.9,11633.1,17027.6,14409.7,20744.5,15110,8757.5
31.80,18953.2,17054,11678.1,17103.3,14355.7,20678.4,15149.2,8775.1
31.91,18918.9,17001.8,11808.3,17198.6,14287,20601.8,15203.3,8800.7
32.00,18881.7,16937.6,11890,17309.2,14120.3,20518.3,15327,8827.9
32.10,18844.2,16870.5,11975.4,17433.3,14043.3,20371.7,15375.7,8850.1
32.20,18806.6,16810.9,12051.3,17555.4,13982.8,20311.8,15409.5,8863.1
32.31,18776.5,16765.1,12114.1,17658.9,13937.3,20255.3,15426.4,8869.9
32.40,18746.6,16716.3,12169.7,17741.8,13900,20201.7,15442.9,8877.6
32.52,18737.5,16696.5,12219.2,17813.4,13860,20157.2,15443.4,8872
32.62,18733.2,16677.8,12261.2,17874.6,13827.1,20120.1,15438,8855.1
32.73,18727.8,16657.6,12297.3,17930.6,13788.6,20054.4,15443.5,8855.1
32.81,18716.8,16636.3,12333.6,17984.3,13749.8,20021.9,15458.6,8861.9
32.91,18705.1,16613.1,12367.2,18037.7,13711.1,19992.4,15476,8869.6
33.02,18693.2,16593.2,12427.1,18089.4,13649.1,19967.7,15487,8874.6
33.12,18681.1,16579.1,12451.2,18133.3,13624.7,19944.5,15493.6,8879.1
33.20,18674.1,16570.1,12470.2,18171.3,13603.6,19923.2,15499.5,8881.6
33.31,18669.7,16563,12483.8,18203.5,13586,19905.7,15506.1,8881.7
33.41,18669.7,16563,12483.8,18203.5,13586,19905.7,15506.1,8881.7
33.50,18672.5,16560.9,12497,18245.8,13572.6,19870.5,15515.2,8874.5
33.61,18677.5,16567.4,12501.2,18247.7,13570.3,19863.4,15508.5,8868
33.70,18677.5,16567.4,12501.2,18247.7,13570.3,19863.4,15508.5,8868
33.80,18677.1,16568.6,12511.8,18270.2,13549.1,19850,15534.3,8873
33.91,18658.5,16529.3,12521.1,18285.3,13512.4,19833.9,15552,8894.2
34.01,18658.5,16529.3,12521.1,18285.3,13512.4,19833.9,15552,8894.2
34.11,18641.9,16497.5,12535.3,18316.5,13481,19766.4,15582.1,8911.6
34.21,18588.9,16423.8,12623.5,18407.9,13416.9,19697,15643.1,8968.9
34.31,18588.9,16423.8,12623.5,18407.9,13416.9,19697,15643.1,8968.9
34.41,18566.2,16388.7,12651.5,18451,13389.4,19669.4,15677.1,8986.7
34.51,18527.2,16327,12687.3,18517.1,13343.2,19616.9,15741.1,9017.2
34.61,18527.2,16327,12687.3,18517.1,13343.2,19616.9,15741.1,9017.2
34.70,18510.2,16293.2,12702.7,18536,13313.8,19583.7,15777.1,9042.3
34.81,18490.8,16255.1,12719.8,18557.9,13279.3,19520.5,15829,9078
34.91,18468.2,16214.3,12737.9,18584.7,13244,19498.1,15885.2,9111.9
35.01,18442.2,16171.1,12755.7,18617,13190.3,19481.4,15932.3,9143.6
35.11,18414.2,16127.4,12773,18648.9,13166,19465.6,16013.2,9174
35.22,18385.3,16080.8,12789.4,18678.4,13138.4,19448.2,16058.9,9206.8
35.31,18351.4,16029.5,12823.5,18712.8,13117.1,19434.2,16108.8,9243.3
35.40,18313.4,15976.2,12836.8,18749.7,13102.1,19418.7,16152.9,9279.8
35.51,18274,15902.7,12846.9,18781.3,13095.5,19416.7,16178.1,9306.4
35.60,18225.3,15892.8,12860.4,18809.5,13086.1,19417.3,16185.7,9319.4
35.71,18218.9,15885.1,12865.3,18829.1,13085.7,19417.3,16195.3,9327.9
35.81,18214.6,15884.8,12865.1,18844.2,13085.7,19409.9,16200.6,9330.7
35.90,18214.7,15882.8,12862.6,18834.2,13082.2,19398,16214.7,9340.9
36.01,18214,15882.1,12858.1,18822.5,13067.9,19385.4,16237,9351.9
36.10,18212,15882.1,12851.4,18810.3,13068.4,19382.8,16250,9359.3
36.20,18209.8,15886,12845,18801.7,13077,19394.3,16255,9364.6
36.30,18207,15897.4,12839.4,18790.7,13087.7,19406.9,16251.1,9365.8
36.41,18205.4,15910.2,12817.3,18776.5,13096.2,19419.3,16245.3,9366.4
36.50,18204.6,15921.8,12802.2,18760.3,13106.6,19428.3,16235.7,9369.2
36.61,18205.8,15934.9,12781.4,18738.5,13112.1,19434.7,16228.9,9373.9
36.70,18206.9,15952.4,12755.5,18707.3,13119.4,19468.9,16227.3,9376.5
36.81,18211.8,15975.6,12726.6,18669.5,13132.1,19495.4,16219.9,9378.7
36.91,18221.5,16005.8,12691.7,18625.7,13150,19526.2,16208.1,9380.4
37.00,18221.5,16005.8,12691.7,18625.7,13150,19526.2,16208.1,9380.4
37.10,18253.5,16130,12608.7,18512.6,13225.3,19601.7,16177.9,9379.7
37.23,18275.9,16184.2,12561.1,18445.9,13266.7,19648.6,16154.5,9372.3
37.30,18275.9,16184.2,12561.1,18445.9,13266.7,19648.6,16154.5,9372.3
37.41,18304.4,16247,12504.9,18366.7,13320.3,19704.8,16119.2,9357.7
37.52,18379.5,16400.5,12313.7,18173.2,13468.6,19927.1,15985.5,9286.7
37.62,18379.5,16400.5,12313.7,18173.2,13468.6,19927.1,15985.5,9286.7
37.70,18420.8,16471,12258.3,18076,13543.4,19988.6,15908,9247.6
37.81,18500.1,16596.3,12166.3,17911.4,13659.1,20086.7,15773.3,9179.6
37.91,18500.1,16596.3,12166.3,17911.4,13659.1,20086.7,15773.3,9179.6
38.02,18535.9,16651.3,12129.2,17841.6,13704.5,20126.9,15724.4,9154.5
38.11,18572.9,16709.1,12093.9,17713.9,13788.6,20195.9,15627.1,9127.5
38.20,18613.5,16767.3,12059.1,17653.9,13824.4,20222,15577,9092.4
38.31,18651.5,16816.4,12028.9,17603.2,13851.9,20243,15543.1,9064.9
38.41,18681.9,16855.2,12002.1,17557.8,13872.3,20259.8,15522.6,9048.1
38.50,18707.1,16889.4,11977.6,17514.6,13888.7,20274.6,15508.9,9038.5
38.61,18728.3,16952.3,11928.3,17475.3,13902.2,20287.6,15499.6,9032.6
38.70,18747.3,16978.3,11902.8,17435.8,13910.8,20297.2,15498.4,9031.3
38.81,18777,16995.5,11880.7,17398.6,13912.5,20299.6,15498.4,9036.7
38.90,18781.4,17003.6,11861.6,17368.2,13915,20295.5,15503.1,9047
39.01,18781.4,17008.1,11842.7,17345.1,13912,20280.3,15519.2,9066.3
39.10,18779.3,17004.8,11827.7,17322.8,13869.8,20261.6,15554.8,9099.2
39.20,18773.7,16998.5,11814.7,17304.9,13842.4,20244.5,15607,9140
39.31,18770.4,16996.4,11799.7,17288.9,13817.7,20230.4,15660.2,9182.2
39.40,18767.6,16995.7,11779.2,17266.6,13795.7,20206.7,15717.5,9227.3
39.50,18762.4,16995.3,11756.2,17240.5,13779.9,20197.1,15772.3,9267
39.62,18758.2,16994.9,11735.7,17216.1,13765.2,20187,15868.7,9302
39.71,18761.4,17001,11698.1,17188.5,13750.8,20169,15915.3,9337.8
39.81,18764.6,17004.5,11677.5,17159.1,13734.5,20151.1,15955.4,9368.7
39.91,18768,17009.5,11659.8,17129.5,13724.8,20136.7,15984.5,9390.9
40.00,18777.5,17022.9,11651,17102.2,13714.2,20100.8,16012.2,9407.4
40.10,18791.2,17043.7,11648.9,17081.1,13691.2,20082.8,16033.2,9420.3
40.21,18806.8,17055,11644.9,17066.2,13691.5,20071.8,16042.6,9426.2
40.30,18806.8,17055,11644.9,17066.2,13691.5,20071.8,16042.6,9426.2
40.41,18834.7,17073.2,11641.8,17036.1,13696,20054.7,16040.6,9415.8
40.51,18847.2,17085.8,11644,17028.4,13695.4,20045.5,16032,9406.5
40.61,18847.2,17085.8,11644,17028.4,13695.4,20045.5,16032,9406.5
40.72,18876.6,17109.4,11638.5,17008.3,13695.7,20035.2,16022.2,9390
40.80,18887.4,17118,11643.8,17006.3,13696.1,20036.5,16019.5,9380.3
40.90,18887.4,17118,11643.8,17006.3,13696.1,20036.5,16019.5,9380.3
41.00,18893.7,17124.6,11651.1,17010,13703,20040.5,16007,9364.4
41.10,18895.6,17126.2,11667.6,17031.8,13726.3,20051.5,15951.3,9332.6
41.20,18895.6,17126.2,11667.6,17031.8,13726.3,20051.5,15951.3,9332.6
41.31,18894.8,17127,11666.5,17034.8,13739.2,20065.2,15932.6,9320.5
41.40,18901.7,17140.2,11658.3,17018.6,13775.6,20121.3,15886.1,9294
41.51,18901.7,17140.2,11658.3,17018.6,13775.6,20121.3,15886.1,9294
41.60,18903.9,17146.5,11655.7,17015.3,13792.6,20146.4,15864.7,9283.6
41.72,18907.3,17158.9,11647.2,17010.8,13817.5,20177.3,15842.3,9270
41.81,18909,17185.2,11627.8,16991.7,13850.1,20209.9,15805,9232.3
41.91,18919,17216,11599.6,16954.5,13883.8,20247.9,15764.9,9207.5
42.01,18940.9,17232.1,11560.1,16923.1,13915.6,20282.5,15727.2,9193.5
42.10,18943.4,17245.1,11538.3,16906.3,13941.4,20339.6,15702.3,9187
42.21,18947.7,17258.7,11514.1,16880.9,13996.5,20368.9,15685.5,9182.5
42.30,18952.6,17271.7,11491.2,16847.7,14027.3,20401.4,15666.4,9175.9
42.41,18957.6,17287.5,11466.5,16814.9,14061.2,20434.5,15644.9,9169.6
42.51,18968,17312.4,11438.1,16779.3,14095.9,20471.7,15620.3,9161.7
42.60,18984.4,17344,11402.6,16690.2,14127,20508.2,15572.3,9155
42.71,19004.2,17379.2,11362.7,16632.5,14154.9,20579.7,15556.5,9152.5
42.81,19022.9,17412.3,11324.8,16579.7,14178.7,20604.6,15538.1,9151.1
42.91,19040.7,17441.3,11295.6,16540,14195.1,20625.3,15527.4,9147.9
43.00,19054.6,17460.2,11273.5,16507.6,14206.7,20643.9,15521.6,9147.9
43.10,19066.5,17473.2,11239.6,16480.2,14216.3,20659.2,15513,9147.4
43.21,19079,17488,11227.4,16457.1,14232.7,20669,15500.7,9143.3
43.30,19090.5,17501.3,11215.8,16436.3,14240.2,20678.9,15484.7,9131.5
43.40,19103.7,17507.2,11209.1,16416,14243.2,20693.2,15473.4,9128
43.51,19110.5,17507.2,11207.1,16407.8,14243.7,20704.9,15470.1,9128
43.60,19110.5,17507.2,11207.1,16407.8,14243.7,20704.9,15470.1,9128
43.71,19120,17532.7,11180.4,16379.3,14272.4,20738.3,15451.7,9111.7
43.80,19139.4,17563.9,11166.5,16350.1,14298.6,20756.4,15418.5,9084.9
43.91,19139.4,17563.9,11166.5,16350.1,14298.6,20756.4,15418.5,9084.9
44.01,19189,17626,11151.7,16308.6,14347.7,20788.8,15336.6,9021.9
44.14,19215.3,17655,11147.3,16290.9,14367.9,20798.1,15250.7,8985.9
44.20,19215.3,17655,11147.3,16290.9,14367.9,20798.1,15250.7,8985.9
44.30,19243.2,17685.2,11150.1,16277.6,14420.1,20810.3,15197.9,8944
44.41,19286.1,17721.4,11164.5,16278.6,14474.4,20833.1,15110.8,8858
44.50,19286.1,17721.4,11164.5,16278.6,14474.4,20833.1,15110.8,8858
44.61,19293.9,17726.1,11172.5,16294.7,14495.9,20839.3,15078.4,8824.8
44.71,19310.4,17759.4,11183.6,16310.4,14544.3,20857.4,14999.1,8756.2
44.81,19310.4,17759.4,11183.6,16310.4,14544.3,20857.4,14999.1,8756.2
44.90,19326.5,17778.9,11181.6,16300.9,14575,20869.8,14954.2,8677.9
45.01,19341.5,17794.3,11179.7,16293.2,14604.9,20880.8,14913.9,8644.6
45.10,19352.1,17810.5,11178.1,16285,14632.1,20891.4,14881.6,8617.4
45.20,19370.6,17825.1,11173.8,16275.4,14655.4,20899,14855.8,8594.4
45.31,19374.8,17836,11162.9,16265,14695.7,20902.7,14837.2,8578.9
45.41,19370.3,17840,11162.2,16262.8,14705.5,20902.4,14824.6,8568.2
45.50,19357.7,17834.5,11164.5,16273.2,14707.4,20900.1,14826.5,8567.5
45.61,19341.3,17823.5,11167.1,16288.3,14703.5,20893.9,14838.4,8575.5
45.70,19321.7,17808.6,11171.8,16304.7,14692.6,20880,14877.8,8586.7
45.81,19299,17786.3,11182.9,16323.5,14677,20863.2,14914.7,8604.2
45.92,19269.3,17755.6,11195.7,16349.1,14650.1,20838,14968.4,8630.3
46.00,19234.7,17723.2,11214.6,16388,14615.5,20778.7,15020.8,8662.5
46.11,19206.3,17693.7,11232.8,16429.6,14585.8,20761.1,15063.4,8688.4
46.20,19185.3,17664.9,11243.3,16459.7,14568.8,20747.8,15093.3,8711.3
46.31,19177.5,17667.6,11245.4,16470,14560.6,20734.4,15103.4,8718.7
46.41,19179.5,17676.7,11252,16472,14555.7,20718.6,15103.1,8708.4
46.51,19180.5,17674.6,11264.6,16478.8,14544.8,20700.8,15105.6,8706.9
46.61,19177,17665.2,11279.6,16493.8,14530.3,20681.5,15118,8711.2
46.70,19169.1,17650.9,11298.1,16514.8,14511,20630.3,15137.2,8717.5
46.81,19157.1,17630.5,11321.8,16541.1,14488.5,20600.5,15162.8,8724.9
46.91,19141.6,17606.8,11348.2,16575.5,14466.9,20571.8,15188.5,8733.4
47.01,19129,17584.3,11372.9,16612.9,14445.5,20542.3,15212.7,8740.6
47.11,19121.3,17562.2,11395.5,16682,14420.6,20515.5,15237.3,8749.4
47.20,19121.3,17562.2,11395.5,16682,14420.6,20515.5,15237.3,8749.4
47.31,19124.5,17536.8,11447.9,16728.7,14373.9,20448.6,15275.3,8741.5
47.41,19137.7,17537.5,11467.1,16744.7,14378.3,20441.4,15260.4,8726.9
47.52,19137.7,17537.5,11467.1,16744.7,14378.3,20441.4,15260.4,8726.9
47.61,19180.1,17554.2,11520.7,16772.8,14403.6,20423.1,15193.4,8665.3
47.72,19209.7,17572.9,11535.5,16776,14417.7,20410.5,15154.4,8625.7
47.80,19209.7,17572.9,11535.5,16776,14417.7,20410.5,15154.4,8625.7
47.91,19242.3,17620.3,11550.4,16775.1,14433.2,20400.6,15110.7,8583
48.01,19302.9,17650.3,11588.1,16788.7,14456.8,20371.4,15014.9,8458.5
48.11,19302.9,17650.3,11588.1,16788.7,14456.8,20371.4,15014.9,8458.5
48.20,19323.8,17651.5,11606.7,16809,14464.2,20361,14981.7,8430.5
48.32,19343.9,17652.2,11644,16847.6,14466.9,20346.4,14944.6,8389
48.41,19343.9,17652.2,11644,16847.6,14466.9,20346.4,14944.6,8389
48.51,19355.1,17656.6,11660.4,16865.6,14471.7,20340.9,14925,8367.2
48.61,19371.9,17667.4,11674.2,16876.2,14477.9,20338.6,14896,8341.4
48.70,19389.9,17679.8,11693.4,16884,14485.9,20347.4,14830.8,8313.9
48.81,19409.3,17691.9,11699.3,16893.6,14501.6,20355.7,14793.5,8286.4
48.90,19426.5,17710.3,11699.4,16897.8,14516.1,20363.1,14758.2,8257
49.01,19438.5,17722.7,11699.8,16891.8,14525.8,20369,14736.1,8236.4
49.10,19445.4,17729.2,11701.6,16889.3,14531.1,20373.1,14728.4,8226.4
49.21,19441.1,17726.6,11706.7,16896.9,14531.1,20373.3,14728.4,8226.4
49.31,19435.4,17713.7,11708.2,16911.3,14529.2,20373.3,14734.4,8227
49.40,19425.3,17692.6,11713,16932.1,14493,20347.9,14757.2,8238.7
49.50,19410.2,17662.5,11720.8,16946.4,14457.7,20322.9,14797.6,8298.7
49.61,19392.4,17627.5,11731.5,16965.1,14416.3,20294.8,14847.1,8337.6
49.70,19378.7,17600.8,11745.2,16982.1,14374.8,20267.6,14901.7,8374.4
49.81,19372.4,17581.8,11764.5,16994.6,14336.8,20239.9,14948.2,8402.7
49.91,19366.3,17563.7,11773.6,17005.2,14300.3,20214,14988.8,8428.1
50.01,19365.3,17546.9,11782,17014.5,14264.1,20158.6,15030.1,8453.4
50.11,19365.5,17528.5,11793.7,17023.7,14227.9,20123.2,15071.2,8476.6
50.22,19366.3,17510.6,11811.6,17039.4,14188.9,20091.3,15141.5,8494.7
50.30,19367.5,17493.9,11829.5,17058.5,14152.6,20059.9,15176.2,8511.7
50.41,19364.2,17473.4,11847.8,17082.9,14074.2,20026,15216.6,8529.9
50.50,19364.2,17473.4,11847.8,17082.9,14074.2,20026,15216.6,8529.9
50.60,19341.3,17417.7,11895.6,17144.5,13976.6,19896.1,15312.8,8584.1
50.72,19320.6,17374.3,11935.4,17204.1,13918.5,19847.3,15368.7,8613.9
50.81,19320.6,17374.3,11935.4,17204.1,13918.5,19847.3,15368.7,8613.9
50.91,19298.8,17285.4,11976.2,17265,13860.8,19798.5,15421.2,8642.1
51.00,19298.8,17285.4,11976.2,17265,13860.8,19798.5,15421.2,8642.1
51.10,19232.2,17160,12100.4,17399,13748.8,19705.6,15545.7,8756.7
51.21,19191.9,17108.5,12132.5,17456.5,13702.8,19670.1,15602.1,8789.8
51.31,19139.1,17066.3,12159.3,17530.2,13639,19625.6,15667.5,8826.4
51.40,19139.1,17066.3,12159.3,17530.2,13639,19625.6,15667.5,8826.4
51.50,19125.7,17063.9,12160.3,17542.3,13618.6,19625.6,15676,8835.2
51.60,19094.9,17064.2,12154.7,17544.8,13620.7,19646.3,15680.4,8848.4
51.71,19094.9,17064.2,12154.7,17544.8,13620.7,19646.3,15680.4,8848.4
51.80,19087.5,17068.4,12143,17535.5,13626.8,19662.2,15676.2,8854.3
51.91,19083.3,17076.6,12127.2,17516.7,13631.6,19675.5,15678.1,8861.4
52.00,19074.3,17084.4,12109.4,17499.3,13630,19699.2,15694.4,8876.7
52.11,19060.1,17080.8,12079.1,17489.2,13618.5,19707.7,15726.6,8903.1
52.21,19048.8,17071.6,12062.4,17481,13595.1,19711.3,15780,8939.6
52.30,19031.8,17062.8,12042.5,17473.4,13568.2,19714.2,15826.7,8975.2
52.40,19013.1,17040.1,12026,17461.8,13548,19723,15868.9,9016.3
52.51,18995.8,17034.5,12009.6,17449.6,13547.5,19738.8,15896.6,9053.1
52.61,18992.2,17056.1,11987.1,17422.1,13563.7,19753.6,15895.1,9074.3
52.71,19012.3,17095.4,11964,17377.4,13589.6,19794.4,15866.7,9059.7
52.81,19045.3,17132.4,11941.8,17330.4,13617,19814,15827.2,9039.5
52.91,19073.6,17162.8,11924,17289.7,13636.6,19820.9,15788,9022.6
53.01,19096.2,17184,11907.1,17258.4,13641.5,19815.1,15764.1,9018
53.10,19111.4,17180.3,11909,17236.1,13630.5,19797.3,15765.6,9030.3
53.21,19115.5,17163.1,11918.2,17229.5,13603.1,19770.1,15793.3,9056.7
53.30,19108,17136.5,11929.2,17236,13566.8,19717,15886.5,9093.5
53.41,19090.8,17103.1,11940.7,17250.2,13530.8,19691.9,15941.5,9134.4
53.51,19066.1,17059.8,11959.5,17269.6,13452.5,19668.8,16004.1,9178.7
53.60,19039.3,17010.5,11980.7,17299.9,13421.6,19652.4,16058.9,9221.6
53.71,19013.9,16967.9,11998.3,17331.1,13393.8,19638.3,16105.5,9256.2
53.80,18991.9,16937.5,12009.2,17354.8,13380.4,19638.6,16137.5,9289.4
53.90,18970.7,16879.9,12019.8,17402.5,13377.6,19645.4,16149.2,9306.8
54.01,18949.6,16858.6,12032,17422.7,13377.6,19645.5,16150.4,9314.2
54.10,18949.6,16858.6,12032,17422.7,13377.6,19645.5,16150.4,9314.2
54.21,18915.2,16829.8,12048.4,17446.4,13353,19617.3,16172,9351.7
54.31,18900.5,16804.8,12066.9,17467,13327.8,19589.7,16195.2,9373.6
54.41,18900.5,16804.8,12066.9,17467,13327.8,19589.7,16195.2,9373.6
54.51,18860.1,16742.8,12111.6,17528,13231,19539.5,16266.4,9426.2
54.61,18836.9,16719.6,12127.5,17554.6,13215.5,19518.4,16295.4,9442.1
54.71,18836.9,16719.6,12127.5,17554.6,13215.5,19518.4,16295.4,9442.1
54.80,18803,16703.6,12141,17575.8,13209,19513.8,16309.6,9450
54.90,18775.3,16672.4,12174.7,17626.8,13191.5,19490.9,16322.9,9457
55.00,18775.3,16672.4,12174.7,17626.8,13191.5,19490.9,16322.9,9457
55.11,18767.3,16659.6,12197.1,17657.5,13178.7,19479.5,16326.8,9457.1
55.21,18742.1,16625.6,12237.5,17716.8,13152.3,19457.3,16331.8,9458.3
55.30,18742.1,16625.6,12237.5,17716.8,13152.3,19457.3,16331.8,9458.3
55.40,18730.4,16610.7,12282.6,17747.4,13137,19433.7,16338.7,9459.6
55.50,18711.1,16551.8,12308.8,17784.4,13121.5,19421,16349,9467.5
55.61,18683.4,16511.3,12333.9,17828.6,13087.6,19408.2,16366.9,9476.4
55.71,18654.9,16474.3,12356,17871.1,13080.8,19402.1,16385.3,9502.1
55.80,18638.6,16451.5,12367.9,17903.2,13083.7,19401.6,16396.2,9505.1
55.91,18636.4,16446.7,12366.6,17914.5,13096.2,19407.5,16393.7,9500.6
56.00,18646.8,16460.2,12354,17904.1,13116.9,19433.2,16379.2,9489.9
56.10,18666.9,16482.8,12339.6,17879.6,13135.9,19447.6,16357,9475.6
56.20,18684.8,16501.2,12321.2,17820.2,13155,19459.7,16333.7,9463.8
56.31,18693.5,16506.8,12307.8,17803.5,13170,19464.8,16321.8,9461.8
56.41,18690.6,16496.9,12302.9,17803.2,13172.2,19464.4,16343.8,9472.9
56.52,18674.6,16477,12307.8,17816,13166.8,19461.1,16376.2,9491.3
56.61,18650.1,16447.1,12318.5,17840.9,13139.9,19445.5,16412.6,9515.4
56.71,18617.5,16404.7,12333.5,17874.5,13125,19438.6,16448.2,9543.1
56.82,18584.6,16358.1,12348,17905.5,13111,19432.7,16483.2,9570.9
56.90,18547.4,16315.6,12361.3,17935.9,13100.2,19427.3,16513.5,9594.1
57.01,18512.6,16252.2,12370.7,17964,13094.8,19425.5,16532.1,9612
57.11,18492.2,16246.3,12376.8,17978,13098.6,19430.4,16533.3,9614.1
57.20,18489.1,16262.3,12375.3,17974.8,13114.1,19439.7,16510.9,9590.8
57.31,18503.1,16294.2,12366.8,17956.4,13136.4,19463.2,16471.5,9559.5
57.40,18503.1,16294.2,12366.8,17956.4,13136.4,19463.2,16471.5,9559.5
57.52,18553.3,16350.3,12350,17911.6,13177.1,19462.6,16386.4,9506.7
57.61,18565.1,16344.1,12374.9,17915,13164.2,19445.5,16371.9,9503.9
57.70,18565.1,16344.1,12374.9,17915,13164.2,19445.5,16371.9,9503.9
57.80,18532.1,16271.3,12428.2,17986.6,13124.1,19409.1,16424.8,9528.8
57.92,18487,16242.1,12444.9,18024.6,13119.2,19406.3,16433.7,9540.9
58.01,18487,16242.1,12444.9,18024.6,13119.2,19406.3,16433.7,9540.9
58.11,18480.2,16225.8,12454.3,18047.2,13119.2,19415.5,16428.8,9543.1
58.20,18485.4,16223.4,12453.2,18056.9,13145,19453.8,16384.1,9526.2
58.31,18485.4,16223.4,12453.2,18056.9,13145,19453.8,16384.1,9526.2
58.40,18503.5,16240.3,12438.2,18048.6,13173.8,19475.4,16343.3,9502.9
58.52,18560.9,16372.2,12381.8,17921.3,13287,19534.3,16249.7,9445.1
58.60,18560.9,16372.2,12381.8,17921.3,13287,19534.3,16249.7,9445.1
58.71,18593.9,16416.7,12347.6,17865.2,13319.8,19594.4,16208.9,9400.9
58.81,18621.5,16449.9,12282.9,17813.5,13347.3,19617.4,16183.6,9392
58.91,18642.6,16479.1,12255.1,17771.4,13365.7,19631.1,16164.8,9386.8
59.00,18654.1,16488.7,12236.3,17739.5,13368.6,19633.1,16165.1,9399.8
59.11,18645.9,16475.2,12230.1,17732.1,13358.3,19628.5,16189,9418.5
59.21,18622.9,16448.5,12233.1,17746.5,13342.6,19627.5,16219.2,9445.8
59.30,18596.6,16422.2,12240.6,17766.8,13333.2,19629.2,16254.4,9472.7
59.42,18568.5,16395.1,12244.7,17786.7,13325.8,19620.5,16304.9,9495
59.51,18540.8,16365.1,12255.7,17811.4,13309.4,19595.9,16341,9519.9
59.61,18512.7,16326.4,12276.2,17843.6,13231.9,19558.7,16391.5,9550.5
59.71,18481.1,16274.9,12306.1,17888.3,13177.9,19515.2,16450.7,9589.2
59.81,18445.3,16218.8,12343,17945.4,13126.8,19475,16504.9,9625.7
59.92,18410.1,16161.9,12431.5,18008.4,13080.2,19434,16551.2,9658.4
60.00,18375.2,16103.8,12476.4,18071.9,13033.8,19347.1,16593,9685.6
60.10,18341.7,15995.8,12520.9,18134.8,12989.7,19299.2,16634.4,9709.3
60.21,18312.6,15946.7,12568.4,18198.8,12940.5,19243.8,16680.5,9749.3
60.30,18312.6,15946.7,12568.4,18198.8,12940.5,19243.8,16680.5,9749.3
60.40,18247.8,15833.3,12675.9,18352.7,12827.3,19135.3,16788.5,9792.5
60.52,18208.1,15766.8,12731.5,18435.9,12767,19082.2,16848.5,9820.1
60.62,18163.6,15702.3,12788.3,18523.7,12663.3,18966.7,16907.3,9846.5
60.70,18121.6,15643.2,12844,18613,12613.3,18903.8,16958,9868.4
60.81,18085.7,15589.6,12900.3,18772.1,12568.3,18848.8,17008.1,9886.1
60.92,18060.5,15541.5,12995.5,18835.6,12532.9,18801.1,17101.8,9898.7
61.00,18060.5,15541.5,12995.5,18835.6,12532.9,18801.1,17101.8,9898.7
61.11,18024.9,15482.1,13054.2,18908.7,12498.5,18736.3,17115.2,9888
61.21,18044.3,15481.3,13070.9,18922.5,12505.7,18723.4,17091,9864.8
61.31,18044.3,15481.3,13070.9,18922.5,12505.7,18723.4,17091,9864.8
61.41,18075.6,15507.2,13079.9,18919.1,12543.4,18726.9,17022.6,9812.3
61.51,18081.2,15520.2,13079.7,18914,12560.9,18723,17007,9790.3
61.61,18081.2,15520.2,13079.7,18914,12560.9,18723,17007,9790.3
61.70,18074,15503.3,13085.6,18918.6,12559.7,18711.8,17013,9782.1
61.81,18033.6,15441.8,13114,18964.1,12518.7,18691.2,17064.5,9826.6
61.90,18033.6,15441.8,13114,18964.1,12518.7,18691.2,17064.5,9826.6
62.01,18008.8,15405.5,13132.7,18997.9,12494.3,18682.2,17097.1,9849.3
62.11,17985.9,15371.5,13172.4,19031.6,12474.7,18685.6,17120.5,9870.9
62.22,17969.8,15340.6,13187.2,19056.6,12466.5,18698.4,17135.2,9884.9
62.31,17966.7,15325,13190.5,19067.3,12475.2,18722.9,17133.7,9883.1
62.40,17976.6,15333.3,13179.3,19059.5,12502.8,18761.5,17100.8,9862.4
62.51,17990.8,15358.9,13158.9,19035.3,12540.3,18804.6,16990.8,9837.3
62.61,18011.5,15395.4,13134.3,18998.6,12581.1,18887.8,16924.9,9805.5
62.71,18038.7,15429.5,13115.9,18957.6,12665.2,18920.6,16865.3,9768.8
62.80,18062,15459.5,13098.8,18924.8,12692.9,18946.2,16818.7,9741.5
62.90,18078.5,15480.2,13084,18892.8,12714.1,18962.7,16783.7,9723.1
63.01,18089.8,15492.9,13072.4,18869.4,12727.4,18972,16764.3,9711.8
63.10,18093.8,15497.6,13065.9,18842.7,12733.1,18977.4,16757.4,9706.8
63.21,18094.6,15496.2,13066.6,18843.4,12739.2,18987.1,16750.3,9704.3
63.30,18094.1,15507.4,13062.4,18843.2,12753.5,19023.2,16730.2,9681.4
63.40,18097.2,15529,13054.4,18836.2,12771.6,19041.9,16699.7,9661.2
63.50,18105.1,15547.3,13046.1,18829.7,12787.7,19058.6,16673.6,9647.6
63.61,18112.2,15563.8,13035,18821.7,12807.2,19073,16653.8,9632.2
63.71,18120.1,15585.4,13019.7,18802.4,12853.2,19087.7,16629.5,9614.4
63.80,18133.7,15610.1,13001,18779.7,12865.4,19096.1,16604.9,9600.3
63.90,18140.6,15622,12989.4,18769.5,12865.4,19089.7,16590.8,9598.9
64.01,18140.6,15622,12989.4,18769.5,12865.4,19089.7,16590.8,9598.9
64.10,18133.4,15613,12989.1,18777.9,12834.1,19049,16636.9,9614.6
64.21,18111.7,15587.3,12996.9,18799.1,12802.6,19027.5,16688.4,9645.7
64.30,18111.7,15587.3,12996.9,18799.1,12802.6,19027.5,16688.4,9645.7
64.40,18012.7,15506.7,13045.8,18864,12732.7,18980.7,16794.3,9722.4
64.51,17987.3,15464.8,13078.1,18908.6,12697.2,18948.8,16830.9,9746.6
64.62,17987.3,15464.8,13078.1,18908.6,12697.2,18948.8,16830.9,9746.6
64.70,17953.9,15367,13150,19007.3,12614,18854.4,16875.8,9764.4
64.83,17941.2,15339.7,13183.5,19052.2,12593.8,18825.1,16888.9,9765.9
64.91,17941.2,15339.7,13183.5,19052.2,12593.8,18825.1,16888.9,9765.9
65.00,17931,15311.9,13215.8,19093.3,12574.3,18801.1,16904.8,9769.6
65.11,17910.2,15252.4,13279.3,19169.1,12551.5,18764.2,16937.8,9778.3
65.20,17910.2,15252.4,13279.3,19169.1,12551.5,18764.2,16937.8,9778.3
65.31,17900.2,15229.9,13307.8,19205.2,12538.7,18725.9,16950.4,9780.4
65.41,17870.6,15178.8,13381.8,19313.4,12498.3,18668.6,16997.7,9800.4
65.52,17870.6,15178.8,13381.8,19313.4,12498.3,18668.6,16997.7,9800.4
65.61,17853.4,15157.6,13396.9,19343.2,12475.6,18641.7,17068.2,9813.8
65.70,17837.4,15147,13408,19362.8,12457.4,18615,17091.5,9823.9
65.81,17829.9,15142.6,13418.6,19377.2,12433.9,18592.5,17107.3,9826.6
65.90,17831.2,15145.1,13425.5,19390.3,12424.4,18575.8,17115.9,9821.9
66.00,17835.7,15150.7,13430.8,19403.6,12416.6,18543.4,17118.5,9812.6
66.11,17842,15161.6,13437.5,19414.5,12412.1,18529,17112.7,9801.9
66.20,17848.9,15171.9,13438.7,19420.8,12407.3,18514.5,17106.9,9788.7
66.30,17859.1,15185.6,13438.5,19416.7,12404.8,18504.4,17103.5,9779.3
66.41,17867.7,15195.6,13432,19407.2,12403.9,18496.2,17101.9,9771.1
66.52,17875.3,15209.7,13427.9,19402.4,12393.1,18479.6,17111.8,9776
66.61,17880.1,15223.5,13425.1,19400.7,12376.4,18442.5,17127.4,9781.9
66.70,17884.3,15233.6,13423.2,19398.1,12360.9,18424.7,17144.7,9792
66.81,17885.9,15243.8,13421.4,19396.9,12325,18411,17167.8,9800.5
66.90,17892.4,15258.3,13421,19394.7,12313.6,18398.7,17186.3,9802.6
67.01,17903.2,15277.7,13418.5,19388.7,12319.9,18402.2,17190.6,9798.1
67.10,17920.3,15300.1,13413.9,19379.5,12334.8,18408.1,17159,9785.9
67.21,17938.2,15315,13409.7,19360,12340.9,18407.9,17153.3,9775.3
67.31,17950.4,15317.8,13413.3,19348.6,12335.8,18385,17153.3,9773.4
67.40,17954.4,15317.8,13425.2,19352.9,12327.6,18362.8,17167,9773.4
67.50,17954.4,15306.8,13437.4,19365.2,12307.8,18334.7,17194.6,9781.3
67.60,17942.7,15288,13455.3,19407.4,12279,18298.1,17237.3,9797.7
67.70,17935.3,15252,13493.7,19436,12235,18256.6,17275.2,9823.2
67.82,17932.1,15240.2,13505.2,19451.4,12165.7,18228.1,17300.4,9844.7
67.92,17932.1,15240.2,13505.2,19451.4,12165.7,18228.1,17300.4,9844.7
68.01,17933.2,15221.8,13516.2,19445,12128.1,18209,17329,9904
68.11,17929.9,15212.9,13512.6,19438,12122.5,18216.5,17339.9,9920.6
68.21,17929.9,15212.9,13512.6,19438,12122.5,18216.5,17339.9,9920.6
68.31,17928,15210.3,13503.1,19423.1,12125.9,18231.3,17339.9,9932
68.40,17931.8,15216.5,13481.6,19381.4,12147.3,18287.4,17328.2,9944.1
68.51,17931.8,15216.5,13481.6,19381.4,12147.3,18287.4,17328.2,9944.1
68.60,17939.3,15223.8,13467.3,19357.2,12169.6,18351.9,17307.4,9942.3
68.72,17947.1,15232.2,13408.6,19291.1,12209.1,18411.8,17248.4,9945.5
68.80,17947.1,15232.2,13408.6,19291.1,12209.1,18411.8,17248.4,9945.5
68.90,17950.3,15240.5,13390.9,19265.9,12244.9,18451,17222.5,9946.3
69.01,17958.5,15257.1,13365.3,19241.3,12279,18502.6,17182.2,9938.1
69.11,17978.4,15289.5,13330.3,19205.5,12326.3,18563.2,17122.8,9919.6
69.20,18010.3,15338.4,13287.7,19152.7,12385.6,18633.9,17049.2,9890.6
69.30,18045.1,15447.4,13242.8,19089.3,12458,18766.1,16967.3,9853.5
69.41,18075.1,15495.5,13192.2,19026.7,12523.5,18801.2,16900,9812.6
69.50,18100.1,15528.2,13152.3,18960.3,12564.7,18819.3,16858.9,9768.5
69.61,18111.5,15541.8,13127.7,18913.8,12587.3,18824.1,16843.4,9759.7
69.71,18111.5,15542.9,13117.9,18895.8,12603.6,18825.2,16834.7,9749.7
69.80,18111.7,15544.7,13116.3,18892.1,12615.7,18827.5,16827.1,9744
69.91,18107.6,15543.5,13110.5,18883.3,12632.8,18821.3,16821.1,9740.6
70.00,18103,15543.1,13107.7,18881.1,12640.6,18814.4,16820.6,9736.9
70.11,18100.9,15545.1,13106,18880.2,12648.3,18807.7,16815.7,9730.7
70.21,18098.7,15546.6,13108.1,18882.3,12655.1,18801.8,16807.8,9722.3
70.31,18097.3,15547.2,13106.2,18880.1,12661.3,18803.3,16798.6,9714.9
70.41,18097.8,15553,13101.1,18871.7,12672,18808.3,16788.8,9705.9
70.50,18100.7,15567.2,13090.9,18858.9,12692.3,18820.5,16766,9694.6
70.61,18107.9,15581.6,13077.6,18840,12719.5,18868.4,16738.5,9679.5
70.71,18116,15593.5,13060.1,18814.8,12752.8,18905.9,16708.1,9664
70.81,18124.5,15614.7,13038.3,18783.4,12791.9,18950.2,16679.6,9649.7
70.90,18124.3,15624.7,13011,18747.3,12875.3,18998,16656.3,9642.3
71.00,18120.2,15631.3,12953.2,18712.4,12915.2,19046.4,16634.6,9635.6
71.11,18109.5,15626.1,12930.6,18684.7,12947.2,19090,16623.7,9642.7
71.20,18109.5,15626.1,12930.6,18684.7,12947.2,19090,16623.7,9642.7
71.31,18104.6,15627.4,12875.3,18631.8,13016.1,19213.6,16601.9,9640.3
71.42,18126,15651.3,12840,18576.9,13058.1,19267.4,16574.2,9630.4
71.50,18126,15651.3,12840,18576.9,13058.1,19267.4,16574.2,9630.4
71.61,18183.6,15727.9,12758.3,18443.8,13164.9,19380.6,16417.9,9582.8
71.72,18217.7,15768.8,12718.2,18379.1,13217.9,19436.5,16356.7,9554.8
71.81,18217.7,15768.8,12718.2,18379.1,13217.9,19436.5,16356.7,9554.8
71.91,18245.9,15805.7,12677.7,18312.8,13268.7,19483.6,16309.5,9532.1
72.01,18288.5,15860.2,12623.5,18201.5,13359.7,19570.6,16253.7,9512.3
72.10,18288.5,15860.2,12623.5,18201.5,13359.7,19570.6,16253.7,9512.3
72.20,18297.3,15870.8,12595.8,18151,13370.6,19580.2,16244.3,9509.2
72.31,18278.7,15827,12620.3,18174.4,13368.1,19569.7,16243.9,9515.1
72.41,18278.7,15827,12620.3,18174.4,13368.1,19569.7,16243.9,9515.1
72.51,18273.8,15825.9,12632.2,18182.4,13374.9,19575.8,16233.5,9504.1
72.60,18283.2,15831.6,12635.2,18177.2,13387.9,19612.9,16208.2,9473.8
72.70,18293.7,15851.3,12633.5,18168.8,13422.2,19663.9,16148.6,9425.2
72.81,18317.3,15887.9,12626.6,18151.4,13479,19733.7,16063.1,9355.6
72.90,18352.6,15946.5,12607.5,18116.6,13565.2,19809.5,15939.5,9260.4
73.00,18402.7,16018.6,12576.3,18059.4,13767.9,19891.9,15791.7,9162.5
73.11,18456.7,16090.7,12539.6,17990,13872.4,19978.9,15645.2,9068.6
73.22,18505.8,16152.7,12503.1,17928.9,13954.4,20055.1,15418.3,8995.2
73.31,18536.2,16183.7,12474.4,17896.2,14004.3,20141.6,15369.6,8946.1
73.40,18541,16183.9,12482.2,17895.8,14023.9,20150.5,15363.7,8926.8
73.52,18525.6,16161.7,12502.1,17920.1,14019.1,20140.2,15387.6,8930.4
73.60,18497.4,16129.9,12527.4,17964.5,14007.5,20127.8,15406,8941.5
73.71,18471,16097.8,12558.1,18005.8,13989.4,20101.5,15440.1,8951.5
73.81,18433.8,16050.5,12603.7,18070.8,13954.9,20065.9,15486.2,8966.8
73.90,18388.1,15942.5,12653.9,18155.5,13910.5,19959.6,15541.1,8988.5
74.01,18312.9,15906.6,12696.1,18238.9,13798,19885.7,15598.5,9034.2
74.11,18296.6,15877.9,12733.9,18300.1,13733.1,19806.8,15652.8,9061.3
74.21,18280.1,15843.7,12772.7,18339.3,13664,19729.5,15716.4,9099.5
74.31,18252.4,15799.1,12810.3,18380.5,13587.8,19648.6,15793.1,9147.5
74.43,18214.5,15746.3,12892.7,18496.4,13491.6,19554.6,15886,9212.3
74.50,18167.5,15681.6,12945.7,18573.8,13368.6,19439.7,16007.5,9298.5
74.62,18116.3,15605.4,13005.1,18657.6,13221.5,19173.4,16160.9,9403.8
74.75,18061.6,15524.1,13068.8,18753,13065.4,19048.6,16514.9,9514.7
74.81,18061.6,15524.1,13068.8,18753,13065.4,19048.6,16514.9,9514.7
74.92,17968.2,15393.8,13186,18946.9,12792.3,18848.7,16798.3,9695.4
75.02,17945,15358.8,13224.3,19009,12615.3,18787.2,16880.1,9756
75.10,17945,15358.8,13224.3,19009,12615.3,18787.2,16880.1,9756
75.21,17937.7,15346,13245.5,19044.5,12571,18749,16922.2,9791.8
75.30,17944.8,15353.2,13255.2,19060.7,12528.5,18712.3,16953.6,9823.2
75.40,17944.8,15353.2,13255.2,19060.7,12528.5,18712.3,16953.6,9823.2
75.50,17968.2,15429,13242.9,19044.5,12540,18740.3,16927.4,9816.2
75.61,18054,15548.9,13144.5,18939.3,12611.1,18815.8,16822.9,9736.2
75.70,18054,15548.9,13144.5,18939.3,12611.1,18815.8,16822.9,9736.2
75.81,18095.7,15593,13116.2,18873.4,12649.4,18847.3,16762.3,9713.8
75.92,18125.8,15622.6,13092.7,18827.8,12673,18865.1,16722,9704.7
76.01,18142.5,15645,13077.9,18792.8,12679.7,18863,16705.8,9708.6
76.11,18157,15653.7,13072.5,18772.9,12652.6,18854,16713.5,9722
76.21,18159.6,15651.8,13071.6,18773.3,12621,18831.6,16742.1,9746.3
76.30,18158.4,15651,13071.7,18777.7,12599.4,18811.8,16822.8,9766
76.41,18160.4,15651,13073.9,18777.3,12561.9,18774,16876.8,9791.9
76.50,18161.4,15651.4,13074.9,18777.8,12542.2,18752.6,16913.8,9816.8
76.61,18162.5,15650.8,13066.2,18776.4,12533.2,18715.8,16940.1,9835.5
76.71,18166,15653.8,13059,18755.1,12521.4,18689.4,16965.8,9849.3
76.80,18173.1,15659.9,13052.9,18740.3,12502.3,18659.7,17001.9,9864.3
76.91,18178.8,15664.6,13043.8,18725.8,12477,18633.2,17042.7,9888.9
77.00,18184,15682.4,13028.4,18703.4,12458.2,18612.4,17069.7,9910.9
77.12,18191.5,15689.8,13015.2,18681.1,12423.8,18589.8,17093.4,9948.3
77.20,18200.8,15687.3,13007.1,18665.6,12395.3,18529.1,17124.1,9974.8
77.31,18200.1,15680.1,13009.5,18666.2,12356.1,18492,17171.9,10005
77.41,18200.1,15679.8,13016.3,18674.2,12316.4,18452.2,17220.5,10029
77.50,18204.1,15679.8,13024.1,18682.9,12278.3,18414.9,17263,10046.6
77.60,18210.7,15679.7,13032.8,18692.2,12244.4,18387.9,17301.1,10060.8
77.71,18217,15678.7,13051.5,18704.6,12223.2,18363.4,17334.4,10072.7
77.80,18226.1,15681.9,13052.1,18715.5,12205.3,18357.4,17354.1,10077.6
77.91,18243.9,15703,13041.4,18709.9,12216,18419.3,17322.2,10070.9
78.02,18268.4,15730.8,13024,18682.8,12257,18452.8,17247.2,10035.9
78.11,18268.4,15730.8,13024,18682.8,12257,18452.8,17247.2,10035.9
78.20,18337.2,15817.9,12979.7,18610.6,12387.3,18542.6,17086.3,9939.9
78.32,18368.4,15863.3,12953.8,18565.4,12439.2,18595.5,17011.2,9895.2
78.41,18368.4,15863.3,12953.8,18565.4,12439.2,18595.5,17011.2,9895.2
78.51,18412,15951.2,12905.8,18488,12512.7,18706.4,16890.1,9831.6
78.63,18429.3,15970.3,12887.9,18454.4,12542,18729.8,16851.5,9794
78.70,18429.3,15970.3,12887.9,18454.4,12542,18729.8,16851.5,9794
78.81,18443.3,15989.8,12875.2,18425.2,12567,18750.8,16818.9,9783.7
78.92,18477.9,16035.2,12825.8,18351.7,12611.5,18808.3,16751.8,9750.8
79.00,18477.9,16035.2,12825.8,18351.7,12611.5,18808.3,16751.8,9750.8
79.11,18497.4,16066.6,12797.9,18310.2,12642.1,18849.2,16711,9729
79.23,18540.4,16127.4,12731.7,18214.6,12758.3,18992.1,16629.7,9700.1
79.34,18554.6,16149.3,12699.1,18170.7,12791.5,19030.3,16572.3,9698.2
79.41,18554.6,16149.3,12699.1,18170.7,12791.5,19030.3,16572.3,9698.2
79.51,18568,16172.3,12669.1,18128.8,12816.4,19055.7,16542.2,9691
79.61,18584,16192.5,12645.1,18087.9,12831.2,19070.4,16528.4,9684.3
79.70,18594.5,16201.3,12627.7,18058.3,12840.6,19079,16520.5,9681.3
79.81,18603.9,16208.7,12619.2,18040.6,12845.9,19085.1,16525.2,9688.8
79.90,18609.3,16211.1,12613.9,18027.9,12846.8,19093.3,16529.7,9697.5
80.01,18615.5,16215.4,12601.1,18011.6,12849.6,19104,16526.5,9702.4
80.11,18623.3,16236.6,12592.3,17996.2,12857.7,19121.5,16516.8,9700.5
80.21,18634.6,16252.8,12584,17980.1,12897.2,19136.8,16490.5,9671.3
80.30,18647.2,16266.4,12580.6,17966.7,12909.9,19143.9,16464.6,9655.1
80.40,18669.3,16275.8,12577.9,17957.2,12921.2,19147.5,16446.6,9638.2
80.51,18681.1,16287.2,12576,17950.6,12933.8,19151.7,16425.4,9621.5
80.60,18690.1,16295.5,12575.2,17940,12944.3,19163.6,16402.9,9607.9
80.70,18698.3,16299.6,12576.8,17933.9,12953.6,19174.1,16385.7,9595.4
80.81,18701.4,16299.6,12579.3,17931.7,12968.9,19191.7,16338,9580.5
80.91,18702.8,16301.8,12581.2,17932,12989.7,19215.9,16301,9560.3
81.00,18704.6,16309.8,12581.2,17932,13018.1,19244.8,16250.1,9532.9
81.10,18705.3,16322.5,12576.5,17934.6,13051.6,19272.7,16214.8,9502.3
81.21,18705.3,16325.8,12576.5,17937.8,13086.6,19297.4,16196.8,9485.4
81.30,18699.1,16324.5,12581.1,17946.9,13091.7,19297.6,16192.2,9476.2
81.41,18699.1,16324.5,12581.1,17946.9,13091.7,19297.6,16192.2,9476.2
81.51,18672.8,16300.7,12611.5,17998.5,13089.5,19285.7,16189.2,9463.6
81.60,18672.8,16300.7,12611.5,17998.5,13089.5,19285.7,16189.2,9463.6
81.71,18659.6,16246,12642.8,18036.3,13085,19271.6,16181.5,9456.1
81.80,18640.3,16208,12685.9,18085.4,13079,19255.4,16175.3,9434.6
81.91,18626.1,16184.9,12700.8,18109.3,13080.4,19253.3,16181.1,9435.1
82.00,18626.1,16184.9,12700.8,18109.3,13080.4,19253.3,16181.1,9435.1
82.11,18606.5,16155.3,12715.5,18137.2,13080.8,19241,16193.1,9438.1
82.21,18560.9,16084.3,12774.1,18202.5,13038.8,19200.1,16226.1,9461.1
82.30,18560.9,16084.3,12774.1,18202.5,13038.8,19200.1,16226.1,9461.1
82.41,18531.8,16050.5,12789.2,18234.3,13019.8,19177.4,16288,9480.2
82.51,18480.3,15985.9,12820.5,18287.4,12980.5,19112,16357.4,9522.7
82.60,18480.3,15985.9,12820.5,18287.4,12980.5,19112,16357.4,9522.7
82.71,18453.9,15949.4,12840.1,18319.4,12960.1,19096.6,16399,9544.9
82.81,18426.2,15911.2,12860.9,18355.6,12943.3,19081.7,16436.6,9566.7
82.92,18399.6,15878.5,12885.1,18396.5,12925.1,19064.4,16470,9584.9
83.01,18376.1,15851.2,12908.1,18429.5,12909.3,19047.3,16500.2,9602.3
83.10,18351.6,15813.8,12936.8,18473.1,12892.6,19029.3,16523.6,9611.1
83.21,18335.6,15781,12956.8,18515.3,12877.1,18980.9,16540.2,9613.6
83.31,18326.1,15781,12963.9,18538.4,12844,18944.4,16559.7,9623
83.41,18321.2,15777,12986.5,18548.6,12823.2,18911.5,16583,9628.6
83.51,18315.6,15764.5,13004.8,18583.5,12804.1,18887.7,16603.2,9633.9
83.60,18288.4,15752.9,13022.8,18611.1,12789,18873.3,16615.2,9636.4
83.71,18277.9,15740.9,13036.7,18637.5,12776.5,18866.5,16624.2,9643.4
83.81,18263.5,15731.8,13046.2,18657.4,12769.1,18858.5,16633.4,9646
83.91,18255.4,15719.9,13058.4,18679.8,12758.7,18821.3,16645.3,9646
84.01,18242.1,15703.8,13076.7,18706.8,12742,18791.7,16662.9,9650.8
84.10,18227.9,15685,13097.3,18736.2,12719,18758.3,16688.1,9658.2
84.21,18212.1,15664,13117.2,18769.3,12664.6,18729,16722.1,9670.1
84.30,18197.9,15646.4,13133.2,18796.5,12644.5,18707.3,16755.4,9685.8
84.41,18186.3,15635.4,13141.2,18812.2,12635,18694.4,16783,9698.8
84.51,18181.4,15631,13137.3,18812.2,12633.5,18701.5,16795.4,9705.8
84.60,18182.6,15640.5,13120.5,18811.3,12643.2,18719.7,16790.2,9703.9
84.71,18186.7,15676.8,13102.2,18794.8,12657.8,18738.2,16779.9,9697.7
84.80,18194,15693.9,13084.9,18771.2,12673,18759.4,16769.8,9690.4
84.91,18201.6,15706.1,13067.6,18752.4,12689.3,18778,16756.1,9683.5
85.01,18201.6,15706.1,13067.6,18752.4,12689.3,18778,16756.1,9683.5
85.11,18210.2,15722.9,13038.1,18705.9,12729.9,18813,16718.9,9671.7
85.21,18211.4,15728.3,13029.2,18690.7,12751.4,18821.2,16707.5,9667.3
85.30,18211.4,15728.3,13029.2,18690.7,12751.4,18821.2,16707.5,9667.3
85.40,18203.1,15723.4,13032.5,18696,12766.8,18826.8,16694.6,9654.5
85.51,18204.3,15726.3,13037.8,18702.6,12780.5,18833,16673.7,9639.7
85.61,18204.3,15726.3,13037.8,18702.6,12780.5,18833,16673.7,9639.7
85.72,18213.3,15740.6,13037.4,18705.6,12797.6,18842,16640.4,9615
85.81,18230.3,15758,13035.5,18693.4,12817.8,18854.7,16605,9589.5
85.92,18254.3,15784.8,13025.3,18676.2,12865.9,18910.5,16529.2,9541.2
86.00,18254.3,15784.8,13025.3,18676.2,12865.9,18910.5,16529.2,9541.2
86.10,18256.3,15790.2,13014.9,18661.4,12901.9,18937.9,16482.7,9514.2
86.21,18256.3,15790.2,13014.9,18661.4,12901.9,18937.9,16482.7,9514.2
86.30,18256.4,15800,13011.1,18651.4,12929.8,18952.1,16468.4,9509.3
86.41,18259.9,15809.2,13002.3,18638.8,12949.6,18971.9,16449.2,9494.2
86.51,18265.9,15823.7,12986.6,18613.5,12971.9,18993.6,16428.5,9487.3
86.62,18274.2,15836.3,12968.8,18586.4,12995.5,19039.3,16410.3,9481.2
86.71,18280.1,15846.8,12927.5,18558.5,13016.5,19065.4,16392.7,9481.4
86.80,18280.8,15855.7,12902.8,18530.3,13040.6,19100,16380,9482.4
86.92,18281.3,15863.8,12874.6,18501.2,13069.1,19143.5,16351.6,9481.8
87.01,18286.1,15880.7,12836.5,18464.6,13105.7,19192.8,16320.5,9478.1
87.10,18305.2,15917.9,12789.1,18408.7,13150.4,19248.2,16276.3,9465.1
87.21,18333.4,15966.6,12740.2,18336.5,13202.8,19366.5,16224.6,9445.4
87.30,18359.9,16012.1,12695.2,18269.1,13309.7,19419.6,16172.7,9422.8
87.42,18382,16048.1,12655.4,18207.8,13356.9,19465.7,16124.6,9403.6
87.50,18401.1,16076.8,12623.3,18155.6,13399,19503.7,16082.1,9384.1
87.61,18420.7,16104.8,12595.4,18109.9,13441.5,19535.7,16045,9366.1
87.72,18445.3,16178.2,12567.6,18063.1,13488.4,19567.5,16002.3,9344.2
87.81,18475,16216.9,12519.7,18013.6,13531.8,19632.1,15950.7,9283.5
87.92,18503.5,16246.1,12505.9,17969.7,13575.7,19659.5,15895.2,9247.8
88.00,18523.8,16268.1,12496.7,17938.9,13612.8,19678.4,15845.6,9217.4
88.11,18539.8,16288.6,12489.5,17903.6,13642,19691.6,15806.5,9191.5
88.22,18553.1,16304.6,12486.7,17895.2,13666.6,19697.2,15772.1,9168.8
88.33,18563.3,16316,12486.4,17894.8,13692.8,19697.2,15744.9,9149.7
88.40,18571.1,16323.5,12487.4,17895.2,13694.2,19695.7,15718.8,9135.2
88.51,18581.2,16327.3,12492.8,17896.6,13702.2,19680.5,15704.1,9122.2
88.61,18581.2,16327.3,12492.8,17896.6,13702.2,19680.5,15704.1,9122.2
88.70,18589.3,16337.1,12499.1,17895.7,13715.9,19681.2,15676,9107.6
88.81,18601.4,16334.1,12518.1,17917.2,13735,19679.9,15641.7,9074.5
88.90,18601.4,16334.1,12518.1,17917.2,13735,19679.9,15641.7,9074.5
89.01,18597.9,16331.2,12528.5,17929.2,13738.2,19674.8,15639.3,9066.8
89.10,18587,16327.7,12531.8,17943.6,13723.2,19648.1,15665.8,9070
89.20,18587,16327.7,12531.8,17943.6,13723.2,19648.1,15665.8,9070
89.31,18576.1,16320.7,12534,17954.5,13715.5,19640.2,15679.4,9077.7
89.40,18552.8,16290.8,12546,17976.6,13670.1,19605.4,15710.7,9113.2
89.50,18552.8,16290.8,12546,17976.6,13670.1,19605.4,15710.7,9113.2
89.61,18534.7,16271,12556.3,17996.9,13640.1,19580.4,15743.9,9139.4
89.72,18517.3,16260.4,12563.2,18014.8,13618.5,19559.8,15788.5,9159.7
89.81,18506.8,16258.7,12565,18022.3,13609.6,19550.1,15814.1,9166.8
89.90,18503.8,16262.5,12565.2,18022,13609.2,19555,15817.2,9166.5
90.01,18506.8,16269.4,12564.5,18020.1,13617.2,19570.3,15801.6,9158.1
90.11,18526.7,16286.5,12544.5,18012.5,13635.4,19589.2,15772.7,9142.9
90.22,18548.1,16313,12525.2,17992.3,13657.5,19599.9,15739.2,9122.6
90.31,18569.5,16342.1,12504.1,17959,13677.9,19610.5,15711.8,9106.1
90.41,18585.9,16368.3,12480.1,17881.9,13740.9,19639,15678.7,9088.9
90.50,18601.4,16393.2,12456.7,17846.3,13777.6,19713.1,15645,9069
90.63,18619.7,16419.1,12433.7,17810.8,13817.5,19754.5,15605.9,9048.9
90.70,18641.4,16448.1,12412.7,17777.1,13863.2,19799.7,15558.6,9022.7
90.80,18665.4,16512.9,12393.6,17747.4,13915.7,19841,15501.1,8988.9
90.90,18690.8,16550.3,12377.1,17722.5,13964.3,19875.5,15435.3,8898.6
91.01,18722.9,16594.2,12363.8,17697.7,14007.4,19906.5,15367,8848.7
91.11,18760.1,16642.8,12352.7,17671.8,14051.2,19940.5,15295.8,8794.5
91.23,18801.7,16691.1,12329.2,17640.6,14100.9,19996.6,15218.4,8734.2
91.31,18842.6,16726.8,12325.8,17612.7,14145.3,20010.9,15137.7,8681
91.40,18870.6,16746,12325.8,17601.3,14199.6,20016.4,15036.4,8642.2
91.51,18886.1,16752.6,12330.1,17601.3,14210.3,20016.4,15009.4,8614.7
91.61,18896,16753.9,12339.4,17603.6,14213.1,20015.7,14991.5,8593.1
91.70,18899.3,16753.9,12354.5,17613.6,14213.1,20007.9,14986,8579
91.81,18899.3,16746.9,12374.7,17632.4,14204.6,19939.3,14986,8575.3
91.90,18899.3,16746.9,12374.7,17632.4,14204.6,19939.3,14986,8575.3
92.00,18875.9,16692.3,12447.6,17718.1,14115.8,19822.6,15053.6,8588.9
92.11,18858.2,16648.6,12488.8,17775.6,14065.7,19772.8,15106.1,8612.8
92.20,18858.2,16648.6,12488.8,17775.6,14065.7,19772.8,15106.1,8612.8
92.31,18822.9,16511.9,12599.4,17877.2,13970.6,19680.6,15213.9,8663.4
92.40,18822.9,16511.9,12599.4,17877.2,13970.6,19680.6,15213.9,8663.4
92.51,18796.5,16457.7,12633.5,17935.5,13872.7,19636.6,15272.9,8730.5
92.60,18765.8,16390,12670.6,17991.3,13822.4,19552.8,15338.9,8770.1
92.72,18685.1,16227.3,12760.1,18185.8,13710.4,19460.7,15479.1,8866.8
92.83,18685.1,16227.3,12760.1,18185.8,13710.4,19460.7,15479.1,8866.8
92.90,18639.6,16137,12810.7,18262.1,13646.2,19408.2,15560.7,8924
93.01,18586.7,16043.2,12866.3,18351,13573.4,19353.6,15740.3,8985.9
93.10,18527.7,15948.4,12926.1,18447,13490.3,19292.3,15835.7,9051.3
93.22,18467,15851.1,12993,18546.4,13402,19153.1,15932.9,9115.7
93.31,18346.8,15749.3,13063.1,18650.1,13311.3,19080.9,16034,9181.8
93.42,18288.8,15646.1,13204.2,18752.9,13219.4,19010.5,16130.7,9247.4
93.52,18237.1,15554.4,13266.1,18845.2,13055.3,18947.1,16215.2,9305.7
93.60,18191.9,15475.8,13320.9,18932.8,12983.8,18889.5,16291.5,9356.6
93.70,18150,15403.6,13370.3,19005.8,12915.1,18830.7,16361.1,9405.7
93.81,18109.9,15337.4,13418.6,19069.6,12845.9,18771.6,16430.3,9452.4
93.91,18063,15194,13468.7,19137.4,12776.8,18667.5,16509.1,9501.7
94.00,18012.6,15120.7,13515.7,19216.8,12709.1,18614.9,16582.7,9603.3
94.11,17963.2,15060.9,13557.8,19297.4,12644.9,18567.2,16660.1,9659.4
94.21,17916.2,15014.5,13590.3,19366.8,12585.8,18526.5,16732.3,9705.2
94.30,17872.9,14972,13620.6,19427.6,12529.8,18492.2,16790.1,9748.1
94.41,17831.7,14932.3,13651,19484.6,12480,18461.6,16848.2,9793.3
94.52,17790.4,14895.8,13686.9,19538.8,12413,18432.4,16954.1,9833
94.60,17754.7,14869.9,13702,19579.8,12395,18418.5,16990,9862.6
94.70,17726.5,14847.7,13711.8,19610.2,12373.6,18408.7,17021.4,9889
94.81,17698.9,14829.2,13718.2,19639.9,12351.3,18398.3,17052.3,9912.8
94.90,17671.8,14810.5,13723.4,19691.4,12327.7,18383.3,17088.4,9936.7
95.00,17646.3,14792.8,13727.1,19707.2,12303.7,18366.2,17123.7,9963.1
95.11,17623.2,14774.1,13732.8,19723.3,12280.9,18348.4,17161.6,9992.1
95.20,17623.2,14774.1,13732.8,19723.3,12280.9,18348.4,17161.6,9992.1
95.30,17582.1,14740.2,13745.5,19758.7,12236.3,18286,17225.4,10039.4
95.42,17561,14707.3,13754.3,19779.3,12210.1,18265.7,17259.4,10061.7
95.52,17561,14707.3,13754.3,19779.3,12210.1,18265.7,17259.4,10061.7
95.60,17521.6,14687.7,13778.8,19822.9,12146.5,18232,17320.5,10111.1
95.70,17515.5,14685.6,13781.6,19827,12130.2,18217.7,17335.9,10118.1
95.81,17515.5,14685.6,13781.6,19827,12130.2,18217.7,17335.9,10118.1
95.90,17515.5,14685,13783.8,19829.3,12108.2,18171.3,17350.8,10130.4
96.01,17504.5,14659.8,13794.6,19850.4,12063.7,18119.1,17452.5,10167.1
96.11,17504.5,14659.8,13794.6,19850.4,12063.7,18119.1,17452.5,10167.1
96.22,17493,14640.2,13805.9,19866.7,12035.6,18089.7,17504.6,10193
96.31,17443.2,14547.6,13852.7,19939.9,11985.8,18044.1,17605,10253
96.40,17443.2,14547.6,13852.7,19939.9,11985.8,18044.1,17605,10253
96.51,17374.9,14502,13871.8,19980.1,11966.9,18021.5,17642.5,10278.1
96.61,17348.5,14466.6,13884.9,20008.9,11948.1,18011.8,17676.8,10303.7
96.70,17328.4,14437.7,13892.2,20026.7,11946.4,18006.7,17701.6,10324.3
96.81,17316.5,14419.6,13889.3,20032.3,11951.6,18009.5,17714.8,10337.2
96.91,17310.7,14412.2,13881.9,20025.8,11958.6,18012.7,17719.6,10344.4
97.01,17310.7,14412.2,13881.9,20025.8,11958.6,18012.7,17719.6,10344.4
97.11,17291.9,14394.8,13858.9,19999.1,11982.1,18036.5,17731.3,10376.8
97.21,17278.6,14386,13845.8,19968.6,11994.5,18067.2,17742.6,10392.9
97.30,17263.1,14375.8,13831.2,19960.5,12005.5,18076,17754.8,10412.5
97.40,17241.7,14352,13829.6,19973.9,12001.7,18084.6,17777.2,10433.7
97.51,17211.9,14322.6,13836.9,19996,12002.2,18105.7,17793.4,10439.3
97.60,17190.2,14310,13836.7,20000.8,12043.8,18137.4,17781.8,10439.3
97.70,17188.1,14310,13824.4,19984.6,12092.4,18183.5,17738.3,10426.5
97.80,17188.1,14327.6,13799,19956.4,12157.3,18318.8,17665.6,10397.1
97.90,17209.6,14378.2,13696.9,19892.2,12234,18402.6,17572.9,10354.8
98.02,17252.3,14449.7,13632.7,19797.6,12322.4,18494.7,17468.9,10302.7
98.14,17298.9,14518.8,13569.7,19697.8,12409.7,18584.2,17375.8,10254.8
98.21,17332.5,14573.3,13521,19617,12489.4,18660.2,17294.5,10214.3
98.31,17354.5,14608,13488.7,19560.6,12555.3,18721.8,17224.8,10180.2
98.42,17384.6,14641.4,13451.4,19500.7,12620.7,18787.4,17142.3,10139.6
98.50,17421.1,14747.9,13407.9,19430.7,12693.5,18930.3,17054.6,10092.7
98.62,17469.7,14829.1,13358.4,19348,12865,19018.9,16954,9976.3
98.75,17534.6,14932.8,13293.6,19241.8,12973.9,19118.8,16838.1,9902.6
98.81,17534.6,14932.8,13293.6,19241.8,12973.9,19118.8,16838.1,9902.6
98.93,17698.7,15173.9,13131.3,18974.9,13216.8,19352.3,16559.5,9738.9
99.05,17780,15288.1,12938.7,18829.8,13339.5,19471,16296.6,9665.6
99.10,17780,15288.1,12938.7,18829.8,13339.5,19471,16296.6,9665.6
99.20,17918.4,15486.1,12779,18555.7,13498,19666.8,16159.3,9585.3
99.35,17977.4,15562.4,12720.6,18442.2,13542.7,19692.3,16124,9563.2
99.40,17977.4,15562.4,12720.6,18442.2,13542.7,19692.3,16124,9563.2
99.52,18032.7,15641.8,12665.1,18255.5,13571.8,19709.6,16092.2,9541.4
99.61,18169.3,15767.7,12586,18127.9,13628.7,19720.6,16056.7,9513.1
99.70,18169.3,15767.7,12586,18127.9,13628.7,19720.6,16056.7,9513.1
99.81,18203.8,15815.6,12557.3,18079.2,13654.5,19734.7,16036.6,9499.3
99.91,18246.9,15872.6,12522.5,18020.9,13691.4,19787.2,15999.1,9474.1
100.00,18301.8,15946.8,12473.9,17943.9,13726.8,19802.8,15946.1,9439
100.11,18354,16080.3,12428,17862.8,13745.4,19815.1,15905.7,9406.4
100.20,18376.2,16093.5,12392,17820.2,13760.3,19810.3,15877.4,9377.6
100.31,18385,16103.7,12388.6,17805.6,13750,19788.2,15876.7,9389.9
100.40,18382,16090.8,12398.8,17801.1,13723.3,19753,15904.3,9412.6
100.51,18366.7,16068.4,12417.2,17818.8,13688,19672.7,15990.6,9437
100.60,18346.1,16044.5,12442.9,17850.6,13649.9,19648.8,16025.7,9454.3
100.70,18332,16034.2,12461.9,17890.1,13609.3,19640.7,16040.7,9461
100.81,18329.8,16034.2,12467.8,17912.4,13604.4,19636.6,16051.2,9467.4
100.90,18328,16039.8,12467.8,17914.4,13604.3,19636.4,16046.2,9461.2
101.01,18337.3,16058,12464.8,17914.4,13611,19642.7,16028.8,9447.9
101.10,18349.6,16077.5,12460.2,17906.1,13622.5,19653.4,16006.3,9433
101.21,18360.5,16093.1,12451.6,17898.5,13633.6,19669.2,15986.4,9419.1
101.31,18367.2,16105.6,12441.5,17891,13640.2,19669.2,15972.6,9408.1
101.41,18376.4,16124.6,12437.8,17878.6,13641.6,19666.4,15971.8,9404.1
101.51,18380.2,16131.6,12437.8,17868.9,13639.4,19658.1,15973.6,9404.4
101.61,18380.2,16116.3,12445.5,17868.9,13628,19640,15992.5,9412.2
101.71,18368.3,16093.2,12457,17901.7,13580.9,19617.8,16025.3,9449.1
101.81,18349.5,16068.4,12474.8,17934.5,13549.4,19573.2,16058.4,9468.3
101.91,18328.5,16042.9,12498.2,17974.5,13511.6,19542.3,16094.4,9493
102.02,18310.4,16018.2,12523,18011.5,13473.5,19504,16176.1,9511.5
102.11,18310.4,16018.2,12523,18011.5,13473.5,19504,16176.1,9511.5
102.20,18278.2,15956.2,12581.7,18096.8,13400.2,19430.2,16247.4,9543.4
102.32,18256.3,15918.2,12649.3,18148.1,13358,19388.9,16289.2,9563.5
102.41,18256.3,15918.2,12649.3,18148.1,13358,19388.9,16289.2,9563.5
102.51,18201.2,15829.3,12734,18271.9,13265.9,19258.1,16382.4,9611.3
102.63,18166.4,15776.7,12778.9,18343.3,13215.9,19212.7,16428.7,9635.3
102.70,18166.4,15776.7,12778.9,18343.3,13215.9,19212.7,16428.7,9635.3
102.81,18130.5,15722.1,12827.2,18418.9,13106.5,19162.9,16477.5,9660.9
102.90,18045.6,15659.7,12882.1,18504.2,13041.9,19109.3,16538.6,9691.2
103.02,17996.1,15589.5,12940.1,18594.6,12971.3,19053.9,16605.2,9728.8
103.11,17943.4,15513.8,12999.2,18691.3,12906.1,19005.2,16670.6,9768.4
103.22,17859.2,15326.4,13101.3,18863.7,12797.9,18879.5,16770,9858
103.31,17859.2,15326.4,13101.3,18863.7,12797.9,18879.5,16770,9858
103.40,17829.8,15280.7,13146.8,18936.1,12755.6,18850.4,16811.9,9876.7
103.51,17808.2,15248.5,13212.5,18994.1,12724.7,18830.3,16839.9,9888.6
103.61,17798.3,15230.2,13230.8,19032.9,12705.6,18823.6,16844.4,9886.7
103.70,17795.7,15221.4,13243.7,19055.8,12701.2,18827.4,16831.1,9880
103.80,17794.4,15215,13255.6,19070.5,12694.5,18824.2,16813.5,9870.9
103.90,17790.8,15205.3,13268.3,19085.9,12682.6,18815.6,16814.8,9870.3
104.01,17783.1,15191.9,13280.8,19120.9,12668,18806.6,16826.1,9877.7
104.11,17776.7,15176.9,13290.8,19134.6,12653.7,18793.9,16836.8,9884.3
104.20,17774.4,15166.3,13300.4,19146.6,12636.6,18775.8,16850,9890.4
104.31,17776.6,15159.4,13310.4,19152.6,12619.5,18762.8,16866.4,9898.3
104.40,17780.6,15153.4,13312.4,19147.1,12612,18760.4,16877,9908
104.51,17792,15159.8,13304,19123.4,12619,18786.9,16870.5,9911.1
104.60,17812.5,15180,13267.2,19091.1,12638.4,18805.2,16849.8,9903.3
104.71,17839,15250.3,13243.4,19050.1,12660.5,18822.1,16821.1,9869.9
104.81,17869.7,15292.4,13218.8,19002.5,12706.2,18840,16791.1,9853
104.90,17902.7,15333.2,13192.7,18955,12731.8,18859.9,16763.3,9835.9
105.02,17935.4,15370.4,13166.3,18904.7,12754,18880.3,16710.1,9821.7
105.11,17962.3,15390.6,13150.4,18865.5,12769.4,18885.7,16698.4,9812
105.22,17973.5,15398,13143.9,18852.9,12768.2,18864.8,16706.8,9813.5
105.31,17973.5,15392,13147,18852.9,12751.8,18846.3,16731.1,9823.3
105.40,17968.9,15378.6,13156.1,18861.7,12732,18829.2,16763.1,9841.2
105.50,17957.6,15364.3,13164.9,18879.3,12713,18816,16783,9852.6
105.61,17943.5,15351.9,13171.8,18896,12697.3,18804.6,16807.8,9863.8
105.71,17943.5,15351.9,13171.8,18896,12697.3,18804.6,16807.8,9863.8
105.81,17921.6,15337,13190.1,18923.8,12672.8,18789.2,16836.8,9883.5
105.91,17909.6,15325.6,13196.4,18941.7,12670,18779.5,16836.1,9885
106.01,17909.6,15325.6,13196.4,18941.7,12670,18779.5,16836.1,9885
106.10,17885.9,15320.8,13205.6,18957.2,12663,18762.7,16836.8,9885
106.21,17863,15287.7,13240,19029.7,12616.5,18702.4,16864.4,9900.5
106.32,17863,15287.7,13240,19029.7,12616.5,18702.4,16864.4,9900.5
106.40,17849.1,15270.5,13260.8,19059.9,12591.9,18673.7,16888.7,9911.8
106.50,17820.5,15237.1,13296.1,19111.4,12545.1,18593.1,16967.3,9937.1
106.61,17820.5,15237.1,13296.1,19111.4,12545.1,18593.1,16967.3,9937.1
106.71,17807.5,15221.9,13311.6,19135.3,12519.3,18574.6,16998.5,9954.1
106.80,17792.7,15207.5,13322.4,19157.4,12473.4,18555.7,17022.9,9967.7
106.91,17784.1,15197.2,13334.1,19169.9,12453.5,18535.1,17048.2,9981.7
107.00,17774.2,15182.3,13341.3,19181.7,12428.4,18511.7,17082.7,10002.1
107.11,17765.9,15171.9,13348,19193.3,12404.2,18490.2,17121.7,10025.6
107.21,17758.5,15157.8,13354.6,19202.6,12382.7,18454.3,17159.8,10048.5
107.30,17751.6,15143.7,13358.8,19212.2,12362.4,18436,17195.5,10070.7
107.41,17748.1,15135,13358.2,19214.2,12343.4,18415.7,17226.5,10090.3
107.50,17748.5,15133.2,13355.7,19210.8,12323.6,18396.2,17257.2,10107.7
107.61,17750,15134.4,13353,19205.2,12303.6,18375.1,17290.8,10127
107.70,17750,15123.2,13355,19205.2,12282.5,18357,17325.4,10147.1
107.81,17744.7,15109.5,13359.3,19210.7,12231,18310.2,17368.3,10197.4
107.90,17733.7,15089.7,13363,19221.1,12193.1,18270.1,17414.6,10232.2
108.00,17720.2,15060.8,13384.4,19234.3,12146.4,18225.8,17537.9,10271.9
108.10,17707.9,15030,13399.7,19247.1,12099.9,18184,17600.4,10311.3
108.20,17692.3,14991.5,13421.5,19264.3,12050.4,18142.2,17665.6,10353.1
108.31,17672.2,14949.4,13447,19292.2,12003.8,18104.7,17724.1,10392.6
108.42,17652.7,14920.3,13464.9,19323.6,11967.2,18055,17767.7,10425.3
108.50,17652.7,14920.3,13464.9,19323.6,11967.2,18055,17767.7,10425.3
108.61,17632.4,14882.6,13481.6,19363.7,11918.7,18017.8,17824.6,10470.7
108.70,17621.4,14864.7,13488.4,19376.8,11895.1,17997.7,17856.1,10493.5
108.81,17607.7,14845,13498.4,19396.4,11835,17972.7,17895.9,10517.6
108.91,17595.1,14821.7,13511.7,19417.5,11806.8,17948.2,17933.7,10545.2
109.01,17595.1,14821.7,13511.7,19417.5,11806.8,17948.2,17933.7,10545.2
109.11,17570.2,14787.8,13529.6,19433.3,11777,17923,17980.9,10586.1
109.21,17569.2,14784.7,13529.6,19433.3,11777,17929.1,17981,10593.4
109.31,17569.2,14784.7,13529.6,19433.3,11777,17929.1,17981,10593.4
109.41,17610.5,14838.5,13496.7,19390.1,11811.4,17988.6,17955.3,10562.9
109.53,17649,14888.7,13466.5,19341.3,11852.4,18031.2,17838.7,10528
109.61,17649,14888.7,13466.5,19341.3,11852.4,18031.2,17838.7,10528
109.71,17690.4,14947.5,13431.8,19286.3,11898.1,18071.6,17768.7,10487.5
109.82,17771,15062.4,13360.8,19168.7,12043.5,18203.6,17634.7,10411.4
109.90,17771,15062.4,13360.8,19168.7,12043.5,18203.6,17634.7,10411.4
110.01,17807.4,15122.1,13323.4,19116.4,12098.5,18253.1,17562.3,10370.7
110.11,17886.7,15238.1,13220,18997.2,12208.3,18353.9,17409.7,10281.6
110.21,17886.7,15238.1,13220,18997.2,12208.3,18353.9,17409.7,10281.6
110.31,17920,15292.1,13184.5,18943.2,12260.3,18405.4,17342.4,10241.7
110.40,17950.3,15347.4,13144.9,18890.6,12315.5,18460.9,17273.2,10201.7
110.52,17976.9,15399.9,13101.3,18832.5,12377,18579.2,17206.5,10164
110.60,18000.5,15448.6,13060.5,18777.1,12431.2,18620.7,17146.5,10131.1
110.71,18021.1,15489.9,13029,18720.7,12470.1,18646.4,17103.9,10109.3
110.80,18027.7,15518.5,13011,18665.8,12488.5,18651.7,17085.3,10099.1
110.91,18027.7,15518.5,13003.6,18665.8,12484.2,18651.7,17085.3,10108.5
111.01,18019.7,15505.9,13003,18665.1,12469.7,18641,17100.3,10128.4
111.10,18004.6,15488.6,13003,18674.5,12455.5,18619.6,17159.4,10147.7
111.21,17986.7,15472.3,13005.6,18690.8,12446.1,18610.2,17180.7,10162.4
111.31,17969.4,15461.3,13014.9,18706.8,12438.9,18599.7,17191.9,10169.6
111.41,17955.7,15452.6,13025.5,18723.5,12430.5,18587.2,17201.5,10174
111.50,17955.7,15452.6,13025.5,18723.5,12430.5,18587.2,17201.5,10174
111.60,17919.3,15416.2,13047.6,18778.1,12399.1,18538.5,17244.6,10191.3
111.70,17892.9,15387.5,13065.2,18806.7,12365.6,18502.2,17287.3,10213.3
111.80,17863.4,15351.8,13090.2,18845.9,12325.8,18436.4,17325.5,10237.6
111.92,17834.6,15316.6,13123.5,18896.8,12246.1,18399.9,17357.2,10257.1
112.01,17809.1,15284.5,13158.2,18948.5,12210.7,18372.2,17385.9,10274.7
112.11,17789.5,15261.3,13188.5,18996.3,12186.3,18352.3,17401.7,10283
112.21,17778.2,15250,13212.6,19034,12173.9,18342.8,17401.7,10285.8
112.31,17778.2,15250,13212.6,19034,12173.9,18342.8,17401.7,10285.8
112.41,17775.2,15249.2,13248.2,19079.6,12176.6,18363.9,17385.6,10246.4
112.51,17785.6,15263.3,13250.2,19083.4,12192.4,18380.2,17357.3,10220.5
112.61,17785.6,15263.3,13250.2,19083.4,12192.4,18380.2,17357.3,10220.5
112.70,17799.4,15279,13256.3,19084.8,12219.5,18401.7,17272.6,10195
112.81,17805.2,15282.3,13256.3,19089,12226.7,18412.1,17253.1,10187.4
112.90,17805.2,15282.3,13256.3,19089,12226.7,18412.1,17253.1,10187.4
113.00,17811.9,15289.3,13255.6,19088.1,12239.2,18423.7,17233.8,10177
113.11,17822,15301.6,13237.8,19056.2,12271.9,18499,17194.8,10166.3
113.20,17822,15301.6,13237.8,19056.2,12271.9,18499,17194.8,10166.3
113.31,17833.3,15321.4,13220,19028.2,12299.8,18537.9,17162.5,10154.5
113.42,17877.8,15393.9,13165.3,18939.8,12394.7,18625,17057.7,10102.5
113.50,17877.8,15393.9,13165.3,18939.8,12394.7,18625,17057.7,10102.5
113.61,17906.4,15433.4,13098.1,18884.6,12446.9,18668.5,17004.2,10070.2
113.70,17934.1,15471.9,13069.1,18833.3,12495,18713,16948.4,10037.8
113.80,17958.4,15510.7,13043.7,18789.5,12543.9,18796,16886.9,10003.1
113.92,17971.6,15554.7,13025.8,18761.4,12582.3,18819.9,16844.3,9977.4
114.00,17976.6,15559.1,13014.6,18745.3,12620.9,18834.3,16820.4,9959.3
114.11,17972.6,15553.5,13012.4,18741.8,12628.6,18842.8,16812.8,9957.9
114.20,17963.8,15541.4,13013.3,18741.8,12637.8,18848.3,16801.1,9953
114.30,17949.7,15536.4,13022.2,18758.2,12659.3,18864.5,16768.2,9936.1
114.40,17952.2,15557.7,13019,18752.4,12697,18922.4,16705.4,9899.9
114.51,17974.2,15599.3,13002.9,18722.9,12733.6,18953.9,16653.1,9866.1
114.61,18002.6,15636.1,12981.8,18681.9,12774.6,18990.5,16588.7,9828
114.70,18032.3,15674.3,12947.4,18644.9,12823.7,19035,16512.8,9782.4
114.81,18060.9,15711.3,12927,18605.8,12880,19086.5,16433.7,9732
114.90,18085,15745.3,12906.5,18567.7,12942,19140.3,16356.1,9681.9
115.02,18101,15770.5,12893,18535.5,13034.3,19183.7,16295.6,9641.7
115.10,18105,15780.1,12887.6,18519.8,13056.8,19227.8,16259.8,9616
115.20,18097.8,15777.2,12893.9,18522.1,13065.5,19224.9,16243.2,9600.9
115.31,18079.7,15756.2,12917.2,18594.5,13066.9,19217.6,16240.3,9591.8
115.40,18049.7,15685.9,12948.3,18642.9,13074.3,19222.7,16238.9,9582.2
115.51,18024.3,15674.7,12973.3,18673.5,13099.1,19243.9,16224.7,9531.6
115.61,18023.4,15687.2,12984.6,18676.4,13140.7,19277.2,16184.9,9485
115.72,18048.2,15716.4,12982.5,18658,13195.4,19360.9,16043,9427.5
115.82,18084.3,15759.2,12953.9,18627.7,13257.3,19387.8,15956.6,9370.2
115.90,18084.3,15759.2,12953.9,18627.7,13257.3,19387.8,15956.6,9370.2
116.00,18171,15841.8,12943.9,18559.1,13368.1,19408.2,15834.2,9267.6
116.11,18192.9,15854.3,12962.9,18560.1,13378.9,19396.6,15793.7,9228.1
116.20,18192.9,15854.3,12962.9,18560.1,13378.9,19396.6,15793.7,9228.1
116.30,18204.7,15837.3,13020,18612.6,13362,19337.2,15767.7,9176.1
116.41,18204.9,15823.2,13053,18648.3,13336.2,19261.1,15775.2,9163.8
116.51,18204.9,15823.2,13053,18648.3,13336.2,19261.1,15775.2,9163.8
116.61,18197.2,15803.4,13089.7,18694.8,13309,19232.3,15792.2,9160.3
116.71,18169,15763.3,13163,18809.8,13254.3,19190.4,15836.4,9162.9
116.81,18169,15763.3,13163,18809.8,13254.3,19190.4,15836.4,9162.9
116.91,18164.7,15748.5,13183.7,18839.6,13235.2,19181.1,15842.2,9157.5
117.01,18194.7,15810.9,13168.9,18848,13206.4,19147,15835.9,9144.1
117.10,18194.7,15810.9,13168.9,18848,13206.4,19147,15835.9,9144.1
117.20,18223.3,15836.9,13152.5,18812.5,13188.7,19137.3,15847.5,9153.3
117.31,18242.9,15854.7,13138,18776.3,13172.6,19131.4,15864.4,9170.2
117.40,18254.5,15873.4,13124,18743,13156.4,19127.4,15883.2,9189.8
117.52,18266.8,15887.2,13108.6,18716.5,13142.2,19127.4,15901.4,9209.7
117.61,18271.2,15903.1,13087.3,18665.5,13135.9,19132.7,15921.3,9231.9
117.70,18275.6,15926.4,13056.8,18625.8,13134,19145.9,15939.2,9254.9
117.81,18284.5,15956,13021.7,18581.7,13132.6,19179.9,15948.5,9271.1
117.91,18296.4,15990.5,12985.3,18535.8,13134.7,19194.4,15955.4,9286.3
118.00,18314.1,16025.3,12927,18489.9,13138.4,19207.9,15955.9,9296.4
118.11,18331.9,16055.8,12903.7,18450.1,13147.2,19224.3,15955.9,9301.5
118.22,18346.4,16081.6,12878.7,18412.9,13155.6,19240.6,15954,9301.9
118.30,18346.4,16081.6,12878.7,18412.9,13155.6,19240.6,15954,9301.9
118.41,18385,16149.9,12813.3,18319.4,13199.3,19304.1,15936.7,9301.6
118.53,18418.8,16242.8,12783.6,18260.9,13225.9,19323.3,15911.5,9272.6
118.61,18456.4,16291,12753.1,18209,13250.4,19343.7,15886.3,9257.5
118.71,18496.2,16341,12725.5,18157.1,13284.5,19357.9,15829.1,9238.8
118.81,18573.5,16381.3,12698.4,18100.1,13310,19363,15812.4,9225.3
118.90,18598.9,16410.9,12676.4,18058.7,13323,19363,15804.8,9215.8
119.00,18618,16431.4,12660.2,18032.1,13326.7,19360.7,15804.8,9211.3
119.10,18627.5,16437.9,12644.2,18015.6,13320.4,19336.9,15805.4,9211.3
119.21,18627.5,16437.9,12644.2,18015.6,13320.4,19336.9,15805.4,9211.3
119.30,18629.4,16422.1,12666.2,18018.8,13285.7,19302.9,15850.7,9233.3
119.41,18635.3,16400.2,12676.3,18031.9,13276.4,19291.8,15868.4,9243.9
119.51,18635.3,16400.2,12676.3,18031.9,13276.4,19291.8,15868.4,9243.9
119.62,18657.7,16385.6,12674,18033.4,13280.9,19289.3,15870.2,9245.4
119.70,18670.3,16387.3,12668.4,18021.6,13282.9,19293.3,15869.9,9245.8
119.80,18670.3,16387.3,12668.4,18021.6,13282.9,19293.3,15869.9,9245.8
119.92,18677.9,16385.5,12664.9,18004.9,13281.3,19294.5,15878.1,9252.3
120.01,18673.6,16335.3,12671.8,18020.2,13270.5,19276.6,15902.6,9285.3
